"transaction_amount","aux_mdr_fee","mdr_fee","gateway_fee","transaction_id","payment_method","installments_range","financial_operation_type","created_at","date","day_of_week","company_id","company_mcc","company_type","product_name","acquirer_name"
18000,468,468,20.0,"0198761592",credit_card,a vista,capture,14:57:40,2020-09-09,3.0,"65a09e93810c44c","4816",outbound,psp,acquirer_3
18000,468,468,20.0,"0198761592",credit_card,a vista,capture,14:57:39,2020-09-09,3.0,"65a09e93810c44c","4816",outbound,psp,pagarme
92390,343,343,32.0,"01b57d78f0",credit_card,"2-6",capture,14:55:02,2020-09-09,3.0,"704b7a7a0f7a7a4","5122",inbound,psp,pagarme
92390,343,343,32.0,"01b57d78f0",credit_card,"2-6",capture,14:55:02,2020-09-09,3.0,"704b7a7a0f7a7a4","5122",inbound,psp,acquirer_3
7880,180,180,0.0,"02830e1cbe",credit_card,a vista,capture,14:58:39,2020-09-09,3.0,"10c33d344710b96","8999",outbound,psp,pagarme
7880,180,180,0.0,"02830e1cbe",credit_card,a vista,capture,14:58:39,2020-09-09,3.0,"10c33d344710b96","8999",outbound,psp,acquirer_3
16512,194,194,50.0,"02b0aa3ac1",credit_card,"2-6",capture,14:57:09,2020-09-09,3.0,efd17a99ed76fc2,"5947",outbound,psp,pagarme
16512,194,194,50.0,"02b0aa3ac1",credit_card,"2-6",capture,14:57:09,2020-09-09,3.0,efd17a99ed76fc2,"5947",outbound,psp,acquirer_3
7496,179,179,90.0,"031d8b21be",credit_card,a vista,capture,14:55:16,2020-09-09,3.0,d989f5c5540226b,"5047",inbound,psp,pagarme
7496,179,179,90.0,"031d8b21be",credit_card,a vista,capture,14:55:16,2020-09-09,3.0,d989f5c5540226b,"5047",inbound,psp,acquirer_3
12205,102,102,120.0,"04da3feaa7",credit_card,"2-6",capture,14:54:53,2020-09-09,3.0,"078e46f5b7adb56","5712",self_register,psp,pagarme
12205,102,102,120.0,"04da3feaa7",credit_card,"2-6",capture,14:54:53,2020-09-09,3.0,"078e46f5b7adb56","5712",self_register,psp,acquirer_3
2400,22,22,30.0,"04fa0fb1bb",credit_card,"2-6",capture,14:59:46,2020-09-09,3.0,af6a0cb8cb4dd5a,"8299",outbound,psp,pagarme
2400,22,22,30.0,"04fa0fb1bb",credit_card,"2-6",capture,14:59:47,2020-09-09,3.0,af6a0cb8cb4dd5a,"8299",outbound,psp,acquirer_3
22590,79,79,50.0,"07012c8e9b",credit_card,"7-12",capture,14:59:18,2020-09-09,3.0,a0faf1645e4be26,"5712",outbound,psp,pagarme
22590,79,79,50.0,"07012c8e9b",credit_card,"7-12",capture,14:59:19,2020-09-09,3.0,a0faf1645e4be26,"5712",outbound,psp,acquirer_3
59980,458,458,15.0,"071ba130dd",credit_card,"2-6",capture,10:10:19,2020-09-09,3.0,a1c2f57e42dd0b9,"5311",outbound,psp,acquirer_3
59980,458,458,15.0,"071ba130dd",credit_card,"2-6",capture,10:10:19,2020-09-09,3.0,a1c2f57e42dd0b9,"5311",outbound,psp,pagarme
20000,168,168,30.0,"088fd788c3",credit_card,"2-6",capture,14:57:43,2020-09-09,3.0,"47a44233dda03cc","8011",outbound,psp,pagarme
20000,168,168,30.0,"088fd788c3",credit_card,"2-6",capture,14:57:43,2020-09-09,3.0,"47a44233dda03cc","8011",outbound,psp,acquirer_3
11675,299,299,68.0,"0b830a090e",credit_card,a vista,capture,14:58:50,2020-09-09,3.0,"88cef9ede0bc4d6","5199",self_register,psp,pagarme
11675,299,299,68.0,"0b830a090e",credit_card,a vista,capture,14:58:52,2020-09-09,3.0,"88cef9ede0bc4d6","5199",self_register,psp,acquirer_2
11880,0,0,-0.0,"0c024ccc91",credit_card,"7-12",refund,16:25:49,2020-09-15,2.0,"68bd0171c5b6a4b","8241",outbound,psp,pagarme
11880,0,0,-0.0,"0c024ccc91",credit_card,"7-12",refund,16:25:49,2020-09-15,2.0,"68bd0171c5b6a4b","8241",outbound,psp,acquirer_3
11880,-374,0,0.0,"0c024ccc91",credit_card,"7-12",capture,14:57:31,2020-09-09,3.0,"68bd0171c5b6a4b","8241",outbound,psp,acquirer_3
11880,-374,0,0.0,"0c024ccc91",credit_card,"7-12",capture,14:57:30,2020-09-09,3.0,"68bd0171c5b6a4b","8241",outbound,psp,pagarme
41900,397,397,100.0,"0c4061a69d",credit_card,"2-6",capture,15:00:09,2020-09-09,3.0,a9810f693ffb8e6,"5441",outbound,psp,pagarme
41900,397,397,100.0,"0c4061a69d",credit_card,"2-6",capture,15:00:09,2020-09-09,3.0,a9810f693ffb8e6,"5441",outbound,psp,acquirer_3
488766,1181,1181,0.0,"0cb25286cb",credit_card,"2-6",capture,14:56:33,2020-09-09,3.0,da83a78d27ace3c,"8220",outbound,psp,pagarme
488766,1181,1181,0.0,"0cb25286cb",credit_card,"2-6",capture,14:56:34,2020-09-09,3.0,da83a78d27ace3c,"8220",outbound,psp,acquirer_3
11531,272,272,40.0,"0cec797151",credit_card,a vista,capture,14:56:30,2020-09-09,3.0,d518cae4435be50,"5499",outbound,psp,acquirer_3
11531,272,272,40.0,"0cec797151",credit_card,a vista,capture,14:56:29,2020-09-09,3.0,d518cae4435be50,"5499",outbound,psp,pagarme
17600,317,317,20.0,"0e27e58fe1",credit_card,a vista,capture,14:56:14,2020-09-09,3.0,d628d5f69e5e02c,"7297",outbound,psp,acquirer_3
17600,317,317,20.0,"0e27e58fe1",credit_card,a vista,capture,14:56:13,2020-09-09,3.0,d628d5f69e5e02c,"7297",outbound,psp,pagarme
30000,768,768,50.0,"0edddd0eb5",credit_card,a vista,capture,14:59:37,2020-09-09,3.0,"550097412be53a9","5814",outbound,psp,pagarme
30000,768,768,50.0,"0edddd0eb5",credit_card,a vista,capture,14:59:37,2020-09-09,3.0,"550097412be53a9","5814",outbound,psp,acquirer_3
7904,,0,20.0,"0f76cc1d61",credit_card,a vista,capture,15:12:51,2020-09-09,3.0,dc984ecf72ebcaa,"8999",outbound,gateway,acquirer_2
25980,,0,120.0,"105765d2e3",credit_card,"2-6",capture,14:56:38,2020-09-09,3.0,"670c83dedf425e1","5651",self_register,gateway,acquirer_1
100,0,0,-70.0,"10c937ee36",credit_card,a vista,refund,14:40:28,2020-09-09,3.0,"5ba7e287dde81f8","4722",outbound,psp,pagarme
100,0,0,-70.0,"10c937ee36",credit_card,a vista,refund,14:40:29,2020-09-09,3.0,"5ba7e287dde81f8","4722",outbound,psp,acquirer_3
100,-4,0,70.0,"10c937ee36",credit_card,a vista,capture,14:40:27,2020-09-09,3.0,"5ba7e287dde81f8","4722",outbound,psp,pagarme
21291,159,159,80.0,"112c6287d9",credit_card,"2-6",capture,14:57:50,2020-09-09,3.0,"6d638ef2b6f65d1","7311",inbound,psp,acquirer_3
21291,159,159,80.0,"112c6287d9",credit_card,"2-6",capture,14:57:48,2020-09-09,3.0,"6d638ef2b6f65d1","7311",inbound,psp,pagarme
6200,188,188,110.0,"1137f1483b",credit_card,a vista,capture,14:55:16,2020-09-09,3.0,f3bdbd48b367ea3,"5969",outbound,psp,acquirer_3
6200,188,188,110.0,"1137f1483b",credit_card,a vista,capture,14:55:16,2020-09-09,3.0,f3bdbd48b367ea3,"5969",outbound,psp,pagarme
32851,-457,0,0.0,"15e186fb43",credit_card,a vista,capture,16:04:01,2020-09-09,3.0,"1104a2c32ffd10e","5499",inbound,psp,pagarme
32851,0,0,-0.0,"15e186fb43",credit_card,a vista,refund,14:37:18,2020-09-21,1.0,"1104a2c32ffd10e","5499",inbound,psp,pagarme
32851,-457,0,0.0,"15e186fb43",credit_card,a vista,capture,16:04:01,2020-09-09,3.0,"1104a2c32ffd10e","5499",inbound,psp,acquirer_3
32851,0,0,-0.0,"15e186fb43",credit_card,a vista,refund,14:37:19,2020-09-21,1.0,"1104a2c32ffd10e","5499",inbound,psp,acquirer_3
10480,240,240,0.0,"1764b5dec6",credit_card,a vista,capture,14:57:01,2020-09-09,3.0,"10c33d344710b96","8999",outbound,psp,pagarme
10480,240,240,0.0,"1764b5dec6",credit_card,a vista,capture,14:57:01,2020-09-09,3.0,"10c33d344710b96","8999",outbound,psp,acquirer_3
6001,0,0,-0.0,"17cf486f2b",credit_card,"2-6",refund,16:11:29,2020-09-23,3.0,"5a9c29a2bfe6282","5977",outbound,psp,pagarme
6001,-214,0,0.0,"17cf486f2b",credit_card,"2-6",capture,14:46:03,2020-09-09,3.0,"5a9c29a2bfe6282","5977",outbound,psp,pagarme
6001,-214,0,0.0,"17cf486f2b",credit_card,"2-6",capture,14:46:03,2020-09-09,3.0,"5a9c29a2bfe6282","5977",outbound,psp,acquirer_3
6001,0,0,-0.0,"17cf486f2b",credit_card,"2-6",refund,16:11:32,2020-09-23,3.0,"5a9c29a2bfe6282","5977",outbound,psp,acquirer_3
46300,239,239,50.0,"17d5ba9327",credit_card,"2-6",capture,15:45:38,2020-09-09,3.0,eb30334ed6ef608,"5993",outbound,psp,pagarme
46300,239,239,50.0,"17d5ba9327",credit_card,"2-6",capture,15:45:38,2020-09-09,3.0,eb30334ed6ef608,"5993",outbound,psp,acquirer_3
17788,477,477,70.0,"1879afb3fc",credit_card,a vista,capture,14:57:43,2020-09-09,3.0,"7268080faafe827","5192",outbound,psp,acquirer_3
17788,477,477,70.0,"1879afb3fc",credit_card,a vista,capture,14:57:42,2020-09-09,3.0,"7268080faafe827","5192",outbound,psp,pagarme
34065,903,903,30.0,"198e0d941b",credit_card,a vista,capture,14:55:54,2020-09-09,3.0,fe3f48f88f15d46,"5137",outbound,psp,pagarme
34065,903,903,30.0,"198e0d941b",credit_card,a vista,capture,14:55:56,2020-09-09,3.0,fe3f48f88f15d46,"5137",outbound,psp,acquirer_3
2497,42,42,0.0,"19f5ca7a57",credit_card,a vista,capture,14:54:37,2020-09-09,3.0,d19e7f6bea6d0f3,"8299",outbound,psp,acquirer_3
2497,42,42,0.0,"19f5ca7a57",credit_card,a vista,capture,14:54:37,2020-09-09,3.0,d19e7f6bea6d0f3,"8299",outbound,psp,pagarme
16900,145,145,40.0,"1a435e4388",credit_card,"2-6",capture,14:57:27,2020-09-09,3.0,"0f8925d1b7a64ab","5697",inbound,psp,pagarme
16900,145,145,40.0,"1a435e4388",credit_card,"2-6",capture,14:57:29,2020-09-09,3.0,"0f8925d1b7a64ab","5697",inbound,psp,acquirer_3
24343,852,852,50.0,"1a8cfb86a7",credit_card,a vista,capture,14:57:28,2020-09-09,3.0,"50fbfbd774e93eb","5719",outbound,psp,acquirer_3
24343,852,852,50.0,"1a8cfb86a7",credit_card,a vista,capture,14:57:27,2020-09-09,3.0,"50fbfbd774e93eb","5719",outbound,psp,pagarme
186354,2045,2045,50.0,"1e80a672f0",credit_card,"2-6",capture,14:58:38,2020-09-09,3.0,"1cf5eeff8b29130","5131",outbound,psp,acquirer_3
186354,2045,2045,50.0,"1e80a672f0",credit_card,"2-6",capture,14:58:37,2020-09-09,3.0,"1cf5eeff8b29130","5131",outbound,psp,pagarme
5000,90,90,0.0,"2155aa8541",credit_card,a vista,capture,14:58:16,2020-09-09,3.0,c073c11c93a896b,"8398",outbound,psp,acquirer_3
5000,90,90,0.0,"2155aa8541",credit_card,a vista,capture,14:58:15,2020-09-09,3.0,c073c11c93a896b,"8398",outbound,psp,pagarme
44754,-1629,0,0.0,"228637d0b4",credit_card,"7-12",capture,14:58:20,2020-09-09,3.0,"72b3544d6623b87","8299",outbound,psp,acquirer_3
44754,0,0,-0.0,"228637d0b4",credit_card,"7-12",refund,13:53:35,2020-09-14,1.0,"72b3544d6623b87","8299",outbound,psp,pagarme
44754,0,0,-0.0,"228637d0b4",credit_card,"7-12",refund,13:53:35,2020-09-14,1.0,"72b3544d6623b87","8299",outbound,psp,acquirer_3
44754,-1629,0,0.0,"228637d0b4",credit_card,"7-12",capture,14:58:19,2020-09-09,3.0,"72b3544d6623b87","8299",outbound,psp,pagarme
96554,,0,50.0,"22c7bdab93",credit_card,"7-12",capture,14:56:14,2020-09-09,3.0,"4e6ad93df7c1d98","5722",outbound,gateway,acquirer_3
28109,160,160,95.0,"2303c34791",credit_card,"2-6",capture,14:57:00,2020-09-09,3.0,cecbc44c45ee98e,"7311",self_register,psp,pagarme
28109,160,160,95.0,"2303c34791",credit_card,"2-6",capture,14:57:01,2020-09-09,3.0,cecbc44c45ee98e,"7311",self_register,psp,acquirer_3
26051,755,755,95.0,"241f2dc4b8",credit_card,a vista,capture,14:55:33,2020-09-09,3.0,f15c6ef80e2797b,"5499",inbound,psp,pagarme
26051,755,755,95.0,"241f2dc4b8",credit_card,a vista,capture,14:55:34,2020-09-09,3.0,f15c6ef80e2797b,"5499",inbound,psp,acquirer_3
197,-5,0,40.0,"244764d5ed",credit_card,a vista,capture,14:46:58,2020-09-09,3.0,b55bcdbb034df22,"5661",inbound,psp,pagarme
197,-5,0,40.0,"244764d5ed",credit_card,a vista,capture,14:46:59,2020-09-09,3.0,b55bcdbb034df22,"5661",inbound,psp,acquirer_3
197,0,0,-40.0,"244764d5ed",credit_card,a vista,refund,18:01:49,2020-09-09,3.0,b55bcdbb034df22,"5661",inbound,psp,acquirer_3
197,0,0,-40.0,"244764d5ed",credit_card,a vista,refund,18:01:48,2020-09-09,3.0,b55bcdbb034df22,"5661",inbound,psp,pagarme
198,8,8,22.97,"246ed018b1",credit_card,a vista,capture,14:59:43,2020-09-09,3.0,"96d42ea61c64e3b","4816",outbound,psp,acquirer_3
198,8,8,22.97,"246ed018b1",credit_card,a vista,capture,14:59:42,2020-09-09,3.0,"96d42ea61c64e3b","4816",outbound,psp,pagarme
1990,46,46,0.0,"2513ecbac2",credit_card,a vista,capture,14:55:27,2020-09-09,3.0,"10c33d344710b96","8999",outbound,psp,acquirer_3
1990,46,46,0.0,"2513ecbac2",credit_card,a vista,capture,14:55:27,2020-09-09,3.0,"10c33d344710b96","8999",outbound,psp,pagarme
2896,32,32,107.0,"256f01ea19",credit_card,"2-6",capture,14:56:43,2020-09-09,3.0,"8bf18c1bc99d6d2","5300",inbound,psp,pagarme
2896,32,32,107.0,"256f01ea19",credit_card,"2-6",capture,14:56:44,2020-09-09,3.0,"8bf18c1bc99d6d2","5300",inbound,psp,acquirer_3
16000,133,133,30.0,"2646a8a9f6",credit_card,"2-6",capture,14:59:51,2020-09-09,3.0,"47a44233dda03cc","8011",outbound,psp,acquirer_3
16000,133,133,30.0,"2646a8a9f6",credit_card,"2-6",capture,14:59:51,2020-09-09,3.0,"47a44233dda03cc","8011",outbound,psp,pagarme
11255,-305,0,50.0,"27b0f6bcf8",credit_card,"2-6",capture,14:52:42,2020-09-09,3.0,e7569f550abcdb2,"5199",self_register,psp,pagarme
11255,0,0,-50.0,"27b0f6bcf8",credit_card,"2-6",refund,11:25:01,2020-09-11,5.0,e7569f550abcdb2,"5199",self_register,psp,pagarme
11255,-305,0,50.0,"27b0f6bcf8",credit_card,"2-6",capture,14:52:42,2020-09-09,3.0,e7569f550abcdb2,"5199",self_register,psp,acquirer_3
11255,0,0,-50.0,"27b0f6bcf8",credit_card,"2-6",refund,11:25:01,2020-09-11,5.0,e7569f550abcdb2,"5199",self_register,psp,acquirer_3
18700,-316,0,0.0,"284561d231",credit_card,a vista,capture,14:46:23,2020-09-09,3.0,d19e7f6bea6d0f3,"8299",outbound,psp,acquirer_3
18700,0,0,-0.0,"284561d231",credit_card,a vista,refund,10:12:45,2020-09-10,4.0,d19e7f6bea6d0f3,"8299",outbound,psp,pagarme
18700,0,0,-0.0,"284561d231",credit_card,a vista,refund,10:12:45,2020-09-10,4.0,d19e7f6bea6d0f3,"8299",outbound,psp,acquirer_3
18700,-316,0,0.0,"284561d231",credit_card,a vista,capture,14:46:23,2020-09-09,3.0,d19e7f6bea6d0f3,"8299",outbound,psp,pagarme
3762,,0,20.0,"28bfe04111",credit_card,a vista,capture,15:10:45,2020-09-09,3.0,dc984ecf72ebcaa,"8999",outbound,gateway,acquirer_2
299,11,11,24.485,"29f9cd326c",credit_card,a vista,capture,14:55:24,2020-09-09,3.0,"96d42ea61c64e3b","4816",outbound,psp,acquirer_3
299,11,11,24.485,"29f9cd326c",credit_card,a vista,capture,14:55:24,2020-09-09,3.0,"96d42ea61c64e3b","4816",outbound,psp,pagarme
3180,101,101,95.0,"2ba6e9b871",credit_card,a vista,capture,14:56:40,2020-09-09,3.0,"4f7453be2ddaed2","5949",inbound,psp,pagarme
3180,101,101,95.0,"2ba6e9b871",credit_card,a vista,capture,14:56:41,2020-09-09,3.0,"4f7453be2ddaed2","5949",inbound,psp,acquirer_3
16925,99,99,120.0,"2ced56b25e",credit_card,"2-6",capture,14:58:53,2020-09-09,3.0,"8747b5935d3999e","5999",outbound,psp,acquirer_3
16925,99,99,120.0,"2ced56b25e",credit_card,"2-6",capture,14:58:52,2020-09-09,3.0,"8747b5935d3999e","5999",outbound,psp,pagarme
21379,0,0,-40.0,"2d87869038",credit_card,"2-6",refund,11:54:00,2020-09-28,1.0,"38450cce3ddc812","5137",inbound,psp,pagarme
21379,0,0,-40.0,"2d87869038",credit_card,"2-6",refund,11:54:00,2020-09-28,1.0,"38450cce3ddc812","5137",inbound,psp,acquirer_3
21379,-695,0,40.0,"2d87869038",credit_card,"2-6",capture,14:40:17,2020-09-09,3.0,"38450cce3ddc812","5137",inbound,psp,acquirer_3
21379,-695,0,40.0,"2d87869038",credit_card,"2-6",capture,14:40:15,2020-09-09,3.0,"38450cce3ddc812","5137",inbound,psp,pagarme
3500,,0,20.0,"2e1fa5ec48",credit_card,a vista,capture,15:20:19,2020-09-09,3.0,dc984ecf72ebcaa,"8999",outbound,gateway,acquirer_2
12586,301,301,90.0,"2f4641f130",credit_card,a vista,capture,14:56:38,2020-09-09,3.0,d989f5c5540226b,"5047",inbound,psp,acquirer_3
12586,301,301,90.0,"2f4641f130",credit_card,a vista,capture,14:56:38,2020-09-09,3.0,d989f5c5540226b,"5047",inbound,psp,pagarme
25065,64,64,80.0,"2fd57e342e",credit_card,"7-12",capture,14:56:48,2020-09-09,3.0,c9bcb2e471c5d8e,"5651",inbound,psp,acquirer_3
25065,64,64,80.0,"2fd57e342e",credit_card,"7-12",capture,14:56:47,2020-09-09,3.0,c9bcb2e471c5d8e,"5651",inbound,psp,pagarme
30205,133,133,36.0,"3254636ae6",credit_card,"2-6",capture,14:56:23,2020-09-09,3.0,"5702629caa01e5a","5651",self_register,psp,pagarme
30205,133,133,36.0,"3254636ae6",credit_card,"2-6",capture,14:56:23,2020-09-09,3.0,"5702629caa01e5a","5651",self_register,psp,acquirer_3
229900,0,0,-0.0,"33fc47c4a6",credit_card,"2-6",refund,16:16:55,2020-09-09,3.0,"64d8741e09ba8ee","7372",outbound,gateway,pagarme
229900,0,0,-0.0,"33fc47c4a6",credit_card,"2-6",refund,16:16:55,2020-09-09,3.0,"64d8741e09ba8ee","7372",outbound,gateway,acquirer_3
98960,,0,20.0,"35451a902e",credit_card,"7-12",capture,15:18:04,2020-09-09,3.0,dc984ecf72ebcaa,"8999",outbound,gateway,acquirer_2
100,0,0,-0.0,"3623a83f8f",credit_card,a vista,refund,14:57:44,2020-09-09,3.0,"579e59365b9b65a","8299",outbound,gateway,acquirer_3
100,0,0,-0.0,"3623a83f8f",credit_card,a vista,refund,14:57:44,2020-09-09,3.0,"579e59365b9b65a","8299",outbound,gateway,pagarme
2990,65,65,33.0,"3713b627af",credit_card,a vista,capture,14:56:46,2020-09-09,3.0,"8164dd9e3d9a51a","4816",outbound,psp,acquirer_3
2990,65,65,33.0,"3713b627af",credit_card,a vista,capture,14:56:45,2020-09-09,3.0,"8164dd9e3d9a51a","4816",outbound,psp,pagarme
59900,,0,0.0,"37fc937450",credit_card,a vista,capture,14:42:10,2020-09-09,3.0,aa453d6deb9d407,"8999",outbound,gateway,acquirer_1
59900,0,0,-0.0,"37fc937450",credit_card,a vista,refund,15:21:43,2020-09-09,3.0,aa453d6deb9d407,"8999",outbound,gateway,acquirer_1
,0,0,,"38b79469c0",,,refund,16:32:58,2020-09-10,4.0,,,,psp,pagarme
7391,164,164,60.0,"390c1563a3",credit_card,a vista,capture,14:57:54,2020-09-09,3.0,"67c2d7c22cae393","7392",outbound,psp,acquirer_3
7391,164,164,60.0,"390c1563a3",credit_card,a vista,capture,14:57:54,2020-09-09,3.0,"67c2d7c22cae393","7392",outbound,psp,pagarme
10000,379,379,120.0,"3a6f535115",credit_card,a vista,capture,14:56:35,2020-09-09,3.0,"489b07887803197","8661",outbound,psp,acquirer_3
10000,379,379,120.0,"3a6f535115",credit_card,a vista,capture,14:56:34,2020-09-09,3.0,"489b07887803197","8661",outbound,psp,pagarme
20000,250,250,30.0,"3c4164c8d3",credit_card,"2-6",capture,14:59:16,2020-09-09,3.0,"47a44233dda03cc","8011",outbound,psp,pagarme
20000,250,250,30.0,"3c4164c8d3",credit_card,"2-6",capture,14:59:16,2020-09-09,3.0,"47a44233dda03cc","8011",outbound,psp,acquirer_3
2500,45,45,0.0,"3d52c6a158",credit_card,a vista,capture,14:57:16,2020-09-09,3.0,c073c11c93a896b,"8398",outbound,psp,acquirer_3
2500,45,45,0.0,"3d52c6a158",credit_card,a vista,capture,14:57:15,2020-09-09,3.0,c073c11c93a896b,"8398",outbound,psp,pagarme
31792,198,198,45.0,"3dc5e16d0a",credit_card,"2-6",capture,14:56:46,2020-09-09,3.0,"91ba8840156ea07","5999",inbound,psp,acquirer_3
31792,198,198,45.0,"3dc5e16d0a",credit_card,"2-6",capture,14:56:45,2020-09-09,3.0,"91ba8840156ea07","5999",inbound,psp,pagarme
590,15,15,12.0,"3ef6504bbb",credit_card,a vista,capture,14:56:58,2020-09-09,3.0,dee3b73faaac643,"8999",outbound,psp,acquirer_3
590,15,15,12.0,"3ef6504bbb",credit_card,a vista,capture,14:56:58,2020-09-09,3.0,dee3b73faaac643,"8999",outbound,psp,pagarme
,0,0,,"3f5b500ade",,,refund,15:20:04,2020-09-29,2.0,,,,psp,pagarme
54000,1307,1307,80.0,"3fa1c04450",credit_card,a vista,capture,14:55:03,2020-09-09,3.0,d03499ff734377b,"5199",outbound,psp,pagarme
54000,1307,1307,80.0,"3fa1c04450",credit_card,a vista,capture,14:55:05,2020-09-09,3.0,d03499ff734377b,"5199",outbound,psp,acquirer_3
17946,0,0,-0.0,"400c602411",credit_card,a vista,refund,15:07:12,2020-09-09,3.0,dc984ecf72ebcaa,"8999",outbound,gateway,acquirer_2
3700,63,63,0.0,"40fa6a8077",credit_card,a vista,capture,14:56:06,2020-09-09,3.0,d19e7f6bea6d0f3,"8299",outbound,psp,pagarme
3700,63,63,0.0,"40fa6a8077",credit_card,a vista,capture,14:56:06,2020-09-09,3.0,d19e7f6bea6d0f3,"8299",outbound,psp,acquirer_3
,0,0,,"41fadfebaf",,,refund,11:48:59,2020-09-17,4.0,,,,psp,pagarme
,0,0,,"41fadfebaf",,,refund,15:01:30,2020-09-15,2.0,,,,psp,pagarme
23081,570,570,110.0,"429872011e",credit_card,a vista,capture,14:58:02,2020-09-09,3.0,"8b746d1fc781569","5085",outbound,psp,acquirer_3
23081,570,570,110.0,"429872011e",credit_card,a vista,capture,14:58:01,2020-09-09,3.0,"8b746d1fc781569","5085",outbound,psp,pagarme
5348,155,155,95.0,"4318957654",credit_card,a vista,capture,14:59:49,2020-09-09,3.0,f15c6ef80e2797b,"5499",inbound,psp,pagarme
5348,155,155,95.0,"4318957654",credit_card,a vista,capture,14:59:50,2020-09-09,3.0,f15c6ef80e2797b,"5499",inbound,psp,acquirer_3
,0,0,,"447a1d56d8",,,refund,11:21:09,2020-09-14,1.0,,,,psp,pagarme
20900,264,264,70.0,"4580264799",credit_card,"2-6",capture,14:59:20,2020-09-09,3.0,"3eba1255b4e9874","1761",self_register,psp,acquirer_3
20900,264,264,70.0,"4580264799",credit_card,"2-6",capture,14:59:19,2020-09-09,3.0,"3eba1255b4e9874","1761",self_register,psp,pagarme
29550,706,706,80.0,"45d6b6d600",credit_card,a vista,capture,14:57:27,2020-09-09,3.0,"852d29346e0e61a","5499",inbound,psp,pagarme
29550,706,706,80.0,"45d6b6d600",credit_card,a vista,capture,14:57:28,2020-09-09,3.0,"852d29346e0e61a","5499",inbound,psp,acquirer_3
4100,,0,50.0,"466053c056",credit_card,a vista,capture,15:03:54,2020-09-09,3.0,"4e6ad93df7c1d98","5722",outbound,gateway,acquirer_3
1000,32,32,30.0,"4a3881dc3f",credit_card,a vista,capture,14:54:53,2020-09-09,3.0,"7135b2e61be87df","4816",inbound,psp,pagarme
1000,32,32,30.0,"4a3881dc3f",credit_card,a vista,capture,14:54:53,2020-09-09,3.0,"7135b2e61be87df","4816",inbound,psp,acquirer_3
2500,-45,0,0.0,"4ab3eef25d",credit_card,a vista,capture,14:52:05,2020-09-09,3.0,c073c11c93a896b,"8398",outbound,psp,acquirer_3
2500,0,0,-0.0,"4ab3eef25d",credit_card,a vista,refund,16:37:05,2020-09-18,5.0,c073c11c93a896b,"8398",outbound,psp,acquirer_3
2500,0,0,-0.0,"4ab3eef25d",credit_card,a vista,refund,16:37:04,2020-09-18,5.0,c073c11c93a896b,"8398",outbound,psp,pagarme
2500,-45,0,0.0,"4ab3eef25d",credit_card,a vista,capture,14:52:04,2020-09-09,3.0,c073c11c93a896b,"8398",outbound,psp,pagarme
18558,153,153,80.0,"4d63aa3516",credit_card,"2-6",capture,14:59:27,2020-09-09,3.0,"8417224b0ecedbe","5651",inbound,psp,pagarme
18558,153,153,80.0,"4d63aa3516",credit_card,"2-6",capture,14:59:27,2020-09-09,3.0,"8417224b0ecedbe","5651",inbound,psp,acquirer_3
48990,732,732,78.0,"4db9bfaa2b",credit_card,"2-6",capture,14:56:33,2020-09-09,3.0,"114486104391d5c","5122",inbound,psp,acquirer_3
48990,732,732,78.0,"4db9bfaa2b",credit_card,"2-6",capture,14:56:30,2020-09-09,3.0,"114486104391d5c","5122",inbound,psp,pagarme
16970,144,144,0.0,"4e595eccef",credit_card,"2-6",capture,14:56:01,2020-09-09,3.0,"10c33d344710b96","8999",outbound,psp,acquirer_3
16970,144,144,0.0,"4e595eccef",credit_card,"2-6",capture,14:56:01,2020-09-09,3.0,"10c33d344710b96","8999",outbound,psp,pagarme
3500,63,63,0.0,"4eacd2897d",credit_card,a vista,capture,14:58:08,2020-09-09,3.0,c073c11c93a896b,"8398",outbound,psp,pagarme
3500,63,63,0.0,"4eacd2897d",credit_card,a vista,capture,14:58:09,2020-09-09,3.0,c073c11c93a896b,"8398",outbound,psp,acquirer_3
10770,31,31,50.0,"4fd3e0c87b",credit_card,"7-12",capture,14:59:44,2020-09-09,3.0,"5737a7771dbbb75","5735",inbound,psp,pagarme
10770,31,31,50.0,"4fd3e0c87b",credit_card,"7-12",capture,14:59:44,2020-09-09,3.0,"5737a7771dbbb75","5735",inbound,psp,acquirer_3
43739,0,0,-0.0,"4fed64759b",credit_card,"2-6",refund,18:48:03,2020-09-11,5.0,dc984ecf72ebcaa,"8999",outbound,gateway,acquirer_2
21648,310,310,60.0,"5256106e03",credit_card,"2-6",capture,14:57:59,2020-09-09,3.0,"1511b45cce0f96e","5499",inbound,psp,pagarme
21648,310,310,60.0,"5256106e03",credit_card,"2-6",capture,14:58:01,2020-09-09,3.0,"1511b45cce0f96e","5499",inbound,psp,acquirer_3
14060,40,40,60.0,"535bb901d2",credit_card,"7-12",capture,14:59:20,2020-09-09,3.0,"2f912502c8cc23b","5199",inbound,psp,acquirer_3
14060,40,40,60.0,"535bb901d2",credit_card,"7-12",capture,14:59:18,2020-09-09,3.0,"2f912502c8cc23b","5199",inbound,psp,pagarme
18147,198,198,80.0,"54443e1b2f",credit_card,"2-6",capture,14:55:38,2020-09-09,3.0,"1c4debae7ef8522","5137",inbound,psp,pagarme
18147,198,198,80.0,"54443e1b2f",credit_card,"2-6",capture,14:55:39,2020-09-09,3.0,"1c4debae7ef8522","5137",inbound,psp,acquirer_3
13000,312,312,0.0,"5609a9e17a",credit_card,a vista,capture,12:40:54,2020-09-09,3.0,"707f3fa3d265b9e","7372",outbound,psp,acquirer_3
13000,312,312,0.0,"5609a9e17a",credit_card,a vista,capture,12:40:54,2020-09-09,3.0,"707f3fa3d265b9e","7372",outbound,psp,pagarme
6000,0,0,0.0,"56c5c93b7e",debit_card,a vista,capture,11:43:58,2020-09-09,3.0,"707f3fa3d265b9e","7372",outbound,psp,pagarme
6000,0,0,0.0,"56c5c93b7e",debit_card,a vista,capture,11:43:59,2020-09-09,3.0,"707f3fa3d265b9e","7372",outbound,psp,acquirer_3
9876,0,0,-0.0,"56d4bb5715",credit_card,"2-6",refund,18:13:46,2020-09-11,5.0,d19e7f6bea6d0f3,"8299",outbound,psp,pagarme
9876,0,0,-0.0,"56d4bb5715",credit_card,"2-6",refund,18:13:47,2020-09-11,5.0,d19e7f6bea6d0f3,"8299",outbound,psp,acquirer_3
9876,-177,0,0.0,"56d4bb5715",credit_card,"2-6",capture,14:53:54,2020-09-09,3.0,d19e7f6bea6d0f3,"8299",outbound,psp,acquirer_3
9876,-177,0,0.0,"56d4bb5715",credit_card,"2-6",capture,14:53:54,2020-09-09,3.0,d19e7f6bea6d0f3,"8299",outbound,psp,pagarme
12750,356,356,105.0,"58b52747d7",credit_card,a vista,capture,14:57:43,2020-09-09,3.0,e7344efbfa18784,"8999",inbound,psp,pagarme
12750,356,356,105.0,"58b52747d7",credit_card,a vista,capture,14:57:44,2020-09-09,3.0,e7344efbfa18784,"8999",inbound,psp,acquirer_3
4064,43,43,0.0,"5965f33ed6",credit_card,a vista,capture,14:59:08,2020-09-09,3.0,da83a78d27ace3c,"8220",outbound,psp,pagarme
4064,43,43,0.0,"5965f33ed6",credit_card,a vista,capture,14:59:08,2020-09-09,3.0,da83a78d27ace3c,"8220",outbound,psp,acquirer_3
16233,235,235,30.0,"5a40200a44",credit_card,"2-6",capture,14:57:11,2020-09-09,3.0,fe3f48f88f15d46,"5137",outbound,psp,pagarme
16233,235,235,30.0,"5a40200a44",credit_card,"2-6",capture,14:57:12,2020-09-09,3.0,fe3f48f88f15d46,"5137",outbound,psp,acquirer_3
443657,,0,20.0,"5a54658f1f",credit_card,a vista,capture,15:50:22,2020-09-11,5.0,dc984ecf72ebcaa,"8999",outbound,gateway,acquirer_2
99850,243,243,39.0,"5b48b4aff3",credit_card,"7-12",capture,14:55:07,2020-09-09,3.0,f8d8b554efc5aef,"8299",outbound,psp,pagarme
99850,243,243,39.0,"5b48b4aff3",credit_card,"7-12",capture,14:55:08,2020-09-09,3.0,f8d8b554efc5aef,"8299",outbound,psp,acquirer_3
25065,64,64,80.0,"5db85007ea",credit_card,"7-12",capture,14:56:02,2020-09-09,3.0,c9bcb2e471c5d8e,"5651",inbound,psp,pagarme
25065,64,64,80.0,"5db85007ea",credit_card,"7-12",capture,14:56:03,2020-09-09,3.0,c9bcb2e471c5d8e,"5651",inbound,psp,acquirer_3
49700,840,840,0.0,"5f42e8420e",credit_card,a vista,capture,14:59:20,2020-09-09,3.0,d19e7f6bea6d0f3,"8299",outbound,psp,pagarme
49700,840,840,0.0,"5f42e8420e",credit_card,a vista,capture,14:59:20,2020-09-09,3.0,d19e7f6bea6d0f3,"8299",outbound,psp,acquirer_3
19990,48,48,0.0,"5fbeb60aa0",credit_card,"7-12",capture,14:57:16,2020-09-09,3.0,a4597783ba7f79a,"8249",outbound,psp,acquirer_3
19990,48,48,0.0,"5fbeb60aa0",credit_card,"7-12",capture,14:57:15,2020-09-09,3.0,a4597783ba7f79a,"8249",outbound,psp,pagarme
5000,128,128,38.0,"5fe78df01d",credit_card,a vista,capture,14:58:00,2020-09-09,3.0,"949c6f09f0a2c0e","7372",outbound,psp,pagarme
5000,128,128,38.0,"5fe78df01d",credit_card,a vista,capture,14:58:01,2020-09-09,3.0,"949c6f09f0a2c0e","7372",outbound,psp,acquirer_3
13980,338,338,80.0,"6019e7fa11",credit_card,a vista,capture,14:56:27,2020-09-09,3.0,d03499ff734377b,"5199",outbound,psp,acquirer_3
13980,338,338,80.0,"6019e7fa11",credit_card,a vista,capture,14:56:26,2020-09-09,3.0,d03499ff734377b,"5199",outbound,psp,pagarme
9393,103,103,120.0,"6053f4a3af",credit_card,"2-6",capture,14:58:46,2020-09-09,3.0,fd15e7d96213b12,"5942",outbound,psp,pagarme
9393,103,103,120.0,"6053f4a3af",credit_card,"2-6",capture,14:58:47,2020-09-09,3.0,fd15e7d96213b12,"5942",outbound,psp,acquirer_3
8000,192,192,0.0,"615c89c3a1",credit_card,a vista,capture,12:01:47,2020-09-09,3.0,"707f3fa3d265b9e","7372",outbound,psp,pagarme
8000,192,192,0.0,"615c89c3a1",credit_card,a vista,capture,12:01:47,2020-09-09,3.0,"707f3fa3d265b9e","7372",outbound,psp,acquirer_3
16711,213,213,80.0,"61fc498615",credit_card,"2-6",capture,14:55:14,2020-09-09,3.0,"852d29346e0e61a","5499",inbound,psp,acquirer_3
16711,213,213,80.0,"61fc498615",credit_card,"2-6",capture,14:55:13,2020-09-09,3.0,"852d29346e0e61a","5499",inbound,psp,pagarme
29980,412,412,45.0,"620d6d9a11",credit_card,"2-6",capture,14:59:57,2020-09-09,3.0,da731b508c77c87,"5977",outbound,psp,acquirer_3
29980,412,412,45.0,"620d6d9a11",credit_card,"2-6",capture,14:59:56,2020-09-09,3.0,da731b508c77c87,"5977",outbound,psp,pagarme
13000,468,468,55.0,"627c71f94d",credit_card,a vista,capture,14:57:22,2020-09-09,3.0,b7972b5908bacf4,"5947",outbound,psp,acquirer_3
13000,468,468,55.0,"627c71f94d",credit_card,a vista,capture,14:57:22,2020-09-09,3.0,b7972b5908bacf4,"5947",outbound,psp,pagarme
147415,1030,1030,50.0,"65163e7be8",credit_card,"2-6",capture,18:47:50,2020-09-09,3.0,fcd6f28ee59bd6d,"5099",inbound,psp,acquirer_3
147415,1030,1030,50.0,"65163e7be8",credit_card,"2-6",capture,14:58:25,2020-09-09,3.0,fcd6f28ee59bd6d,"5099",inbound,psp,pagarme
150000,232,232,0.0,"666b0e8eb3",credit_card,"7-12",capture,14:57:14,2020-09-09,3.0,d19e7f6bea6d0f3,"8299",outbound,psp,pagarme
150000,232,232,0.0,"666b0e8eb3",credit_card,"7-12",capture,14:57:14,2020-09-09,3.0,d19e7f6bea6d0f3,"8299",outbound,psp,acquirer_3
20809,0,0,-70.0,"66a96984fd",credit_card,"2-6",refund,14:49:37,2020-09-09,3.0,"750852e7a627665","5977",self_register,psp,pagarme
20809,-872,0,70.0,"66a96984fd",credit_card,"2-6",capture,14:40:37,2020-09-09,3.0,"750852e7a627665","5977",self_register,psp,acquirer_3
20809,0,0,-70.0,"66a96984fd",credit_card,"2-6",refund,14:49:37,2020-09-09,3.0,"750852e7a627665","5977",self_register,psp,acquirer_3
20809,-872,0,70.0,"66a96984fd",credit_card,"2-6",capture,14:40:37,2020-09-09,3.0,"750852e7a627665","5977",self_register,psp,pagarme
12060,207,207,18.0,"680ec02fdb",credit_card,a vista,capture,14:56:50,2020-09-09,3.0,"53cf88c1f4d0ed9","7372",outbound,psp,acquirer_3
12060,207,207,18.0,"680ec02fdb",credit_card,a vista,capture,14:56:50,2020-09-09,3.0,"53cf88c1f4d0ed9","7372",outbound,psp,pagarme
5083,191,191,50.0,"68e6a358f2",credit_card,a vista,capture,14:55:17,2020-09-09,3.0,"4b232cd98d81515","2741",outbound,psp,pagarme
5083,191,191,50.0,"68e6a358f2",credit_card,a vista,capture,14:55:17,2020-09-09,3.0,"4b232cd98d81515","2741",outbound,psp,acquirer_3
15640,78,78,30.0,"6a1b076710",credit_card,"2-6",capture,14:58:46,2020-09-09,3.0,"4ef57ca0314c730","5947",inbound,psp,acquirer_3
15640,78,78,30.0,"6a1b076710",credit_card,"2-6",capture,14:58:46,2020-09-09,3.0,"4ef57ca0314c730","5947",inbound,psp,pagarme
25300,443,443,50.0,"6bfb4d422b",credit_card,"2-6",capture,14:55:44,2020-09-09,3.0,"45e1ff9c589fe36","5211",inbound,psp,acquirer_3
25300,443,443,50.0,"6bfb4d422b",credit_card,"2-6",capture,14:55:44,2020-09-09,3.0,"45e1ff9c589fe36","5211",inbound,psp,pagarme
20085,576,576,95.0,"6c71434fc2",credit_card,a vista,capture,14:55:40,2020-09-09,3.0,"6a7c5d432112d94","5499",inbound,psp,acquirer_3
20085,576,576,95.0,"6c71434fc2",credit_card,a vista,capture,14:55:39,2020-09-09,3.0,"6a7c5d432112d94","5499",inbound,psp,pagarme
6000,0,0,-70.0,"6d2ab60bf8",credit_card,a vista,refund,15:15:07,2020-09-09,3.0,aa9b366c101f745,"4816",inbound,psp,acquirer_3
6000,0,0,-70.0,"6d2ab60bf8",credit_card,a vista,refund,15:15:06,2020-09-09,3.0,aa9b366c101f745,"4816",inbound,psp,pagarme
6000,-227,0,70.0,"6d2ab60bf8",credit_card,a vista,capture,14:45:27,2020-09-09,3.0,aa9b366c101f745,"4816",inbound,psp,pagarme
6000,-227,0,70.0,"6d2ab60bf8",credit_card,a vista,capture,14:45:28,2020-09-09,3.0,aa9b366c101f745,"4816",inbound,psp,acquirer_3
19200,672,672,120.0,"6ea5ebb3cd",credit_card,a vista,capture,14:57:46,2020-09-09,3.0,d69f210b0e0fda1,"8641",outbound,psp,pagarme
19200,672,672,120.0,"6ea5ebb3cd",credit_card,a vista,capture,14:57:47,2020-09-09,3.0,d69f210b0e0fda1,"8641",outbound,psp,acquirer_3
8291,120,120,30.0,"6eb6936393",credit_card,"2-6",capture,14:58:37,2020-09-09,3.0,fe3f48f88f15d46,"5137",outbound,psp,acquirer_3
8291,120,120,30.0,"6eb6936393",credit_card,"2-6",capture,14:58:36,2020-09-09,3.0,fe3f48f88f15d46,"5137",outbound,psp,pagarme
28789,367,367,40.0,"6f4362f3a2",credit_card,"2-6",capture,14:58:35,2020-09-09,3.0,"0f8925d1b7a64ab","5697",inbound,psp,pagarme
28789,367,367,40.0,"6f4362f3a2",credit_card,"2-6",capture,14:58:36,2020-09-09,3.0,"0f8925d1b7a64ab","5697",inbound,psp,acquirer_3
8991,105,105,60.0,"6f44e5d291",credit_card,"2-6",capture,14:58:58,2020-09-09,3.0,"4b9ec69caddb7fa","5651",outbound,psp,acquirer_3
8991,105,105,60.0,"6f44e5d291",credit_card,"2-6",capture,14:58:57,2020-09-09,3.0,"4b9ec69caddb7fa","5651",outbound,psp,pagarme
79700,1347,1347,0.0,"6f7dbbf386",credit_card,a vista,capture,14:57:24,2020-09-09,3.0,d19e7f6bea6d0f3,"8299",outbound,psp,pagarme
79700,1347,1347,0.0,"6f7dbbf386",credit_card,a vista,capture,14:57:24,2020-09-09,3.0,d19e7f6bea6d0f3,"8299",outbound,psp,acquirer_3
21990,210,210,40.0,"6f7dfe3df2",credit_card,"2-6",capture,14:56:50,2020-09-09,3.0,"8ec689240587a10","5976",outbound,psp,acquirer_3
21990,210,210,40.0,"6f7dfe3df2",credit_card,"2-6",capture,14:56:49,2020-09-09,3.0,"8ec689240587a10","5976",outbound,psp,pagarme
7740,232,232,60.0,"702e703750",credit_card,a vista,capture,14:55:28,2020-09-09,3.0,"9355effe89da9b0","5411",outbound,psp,pagarme
7740,232,232,60.0,"702e703750",credit_card,a vista,capture,14:55:29,2020-09-09,3.0,"9355effe89da9b0","5411",outbound,psp,acquirer_3
37970,702,702,18.0,"7139773ea1",credit_card,a vista,capture,15:00:30,2020-09-09,3.0,"7d6b497f01942b0","7372",outbound,psp,pagarme
37970,702,702,18.0,"7139773ea1",credit_card,a vista,capture,15:00:30,2020-09-09,3.0,"7d6b497f01942b0","7372",outbound,psp,acquirer_3
9900,-104,0,0.0,"749ae8fba6",credit_card,a vista,capture,14:41:04,2020-09-09,3.0,da83a78d27ace3c,"8220",outbound,psp,pagarme
9900,-104,0,0.0,"749ae8fba6",credit_card,a vista,capture,14:41:06,2020-09-09,3.0,da83a78d27ace3c,"8220",outbound,psp,acquirer_3
9900,0,0,-0.0,"749ae8fba6",credit_card,a vista,refund,08:44:50,2020-09-15,2.0,da83a78d27ace3c,"8220",outbound,psp,acquirer_3
9900,0,0,-0.0,"749ae8fba6",credit_card,a vista,refund,08:44:50,2020-09-15,2.0,da83a78d27ace3c,"8220",outbound,psp,pagarme
110000,731,731,18.0,"75e2c72e83",credit_card,"2-6",capture,15:00:17,2020-09-09,3.0,"4911abf050ca7f1",,outbound,psp,acquirer_3
110000,731,731,18.0,"75e2c72e83",credit_card,"2-6",capture,15:00:17,2020-09-09,3.0,"4911abf050ca7f1",,outbound,psp,pagarme
18900,215,215,120.0,"75f52a9acd",credit_card,"2-6",capture,14:54:40,2020-09-09,3.0,c4891624372c0d7,"5977",outbound,psp,pagarme
18900,215,215,120.0,"75f52a9acd",credit_card,"2-6",capture,14:54:41,2020-09-09,3.0,c4891624372c0d7,"5977",outbound,psp,acquirer_3
8990,315,315,120.0,"76a37a7a3c",credit_card,a vista,capture,14:57:19,2020-09-09,3.0,"93288b503eeb464","5651",inbound,psp,acquirer_3
8990,315,315,120.0,"76a37a7a3c",credit_card,a vista,capture,14:57:18,2020-09-09,3.0,"93288b503eeb464","5651",inbound,psp,pagarme
5000,135,135,120.0,"773744978e",credit_card,a vista,capture,14:56:54,2020-09-09,3.0,"66416129f918364","4814",outbound,psp,acquirer_3
5000,135,135,120.0,"773744978e",credit_card,a vista,capture,14:56:53,2020-09-09,3.0,"66416129f918364","4814",outbound,psp,pagarme
1380,46,46,80.0,"77d8c6d0d8",credit_card,a vista,capture,14:56:48,2020-09-09,3.0,"89d18370e8cc0b0","5651",inbound,psp,pagarme
1380,46,46,80.0,"77d8c6d0d8",credit_card,a vista,capture,14:56:49,2020-09-09,3.0,"89d18370e8cc0b0","5651",inbound,psp,acquirer_3
15347,-474,0,0.0,"7931de817f",credit_card,"2-6",capture,14:53:59,2020-09-09,3.0,b7655aef20f5c9c,"7298",inbound,psp,acquirer_3
15347,-474,0,0.0,"7931de817f",credit_card,"2-6",capture,14:53:58,2020-09-09,3.0,b7655aef20f5c9c,"7298",inbound,psp,pagarme
15347,0,0,-0.0,"7931de817f",credit_card,"2-6",refund,16:27:12,2020-09-09,3.0,b7655aef20f5c9c,"7298",inbound,psp,pagarme
15347,0,0,-0.0,"7931de817f",credit_card,"2-6",refund,16:27:12,2020-09-09,3.0,b7655aef20f5c9c,"7298",inbound,psp,acquirer_3
11200,190,190,60.0,"7b1109584e",credit_card,"2-6",capture,14:58:48,2020-09-09,3.0,e477ae7030796cf,"5111",inbound,psp,acquirer_3
11200,190,190,60.0,"7b1109584e",credit_card,"2-6",capture,14:58:47,2020-09-09,3.0,e477ae7030796cf,"5111",inbound,psp,pagarme
2500,0,0,-0.0,"7b9e5aa4d0",credit_card,a vista,refund,15:05:23,2020-09-09,3.0,c073c11c93a896b,"8398",outbound,psp,acquirer_3
2500,-45,0,0.0,"7b9e5aa4d0",credit_card,a vista,capture,14:50:26,2020-09-09,3.0,c073c11c93a896b,"8398",outbound,psp,acquirer_3
2500,-45,0,0.0,"7b9e5aa4d0",credit_card,a vista,capture,14:50:25,2020-09-09,3.0,c073c11c93a896b,"8398",outbound,psp,pagarme
2500,0,0,-0.0,"7b9e5aa4d0",credit_card,a vista,refund,15:05:22,2020-09-09,3.0,c073c11c93a896b,"8398",outbound,psp,pagarme
25913,154,154,35.0,"7b9ebad0ee",credit_card,"2-6",capture,18:46:45,2020-09-09,3.0,faf68925dd964bf,"4812",inbound,psp,acquirer_3
25913,154,154,35.0,"7b9ebad0ee",credit_card,"2-6",capture,18:46:45,2020-09-09,3.0,faf68925dd964bf,"4812",inbound,psp,pagarme
5000,90,90,0.0,"7d7f7861a7",credit_card,a vista,capture,14:58:10,2020-09-09,3.0,c073c11c93a896b,"8398",outbound,psp,acquirer_3
5000,90,90,0.0,"7d7f7861a7",credit_card,a vista,capture,14:58:09,2020-09-09,3.0,c073c11c93a896b,"8398",outbound,psp,pagarme
31230,137,137,35.0,"7d8a2dbefd",credit_card,"2-6",capture,14:57:20,2020-09-09,3.0,"256bd4c8df0efe6","5992",inbound,psp,pagarme
31230,137,137,35.0,"7d8a2dbefd",credit_card,"2-6",capture,14:57:20,2020-09-09,3.0,"256bd4c8df0efe6","5992",inbound,psp,acquirer_3
30000,628,628,120.0,"7e337ff63a",credit_card,"2-6",capture,14:56:34,2020-09-09,3.0,cbb76f14428507d,"7399",inbound,psp,acquirer_3
30000,628,628,120.0,"7e337ff63a",credit_card,"2-6",capture,14:56:33,2020-09-09,3.0,cbb76f14428507d,"7399",inbound,psp,pagarme
700,12,12,0.0,"7e99ccec58",credit_card,a vista,capture,14:54:48,2020-09-09,3.0,d19e7f6bea6d0f3,"8299",outbound,psp,acquirer_3
700,12,12,0.0,"7e99ccec58",credit_card,a vista,capture,14:54:48,2020-09-09,3.0,d19e7f6bea6d0f3,"8299",outbound,psp,pagarme
22842,136,136,0.0,"7f0ec870bd",credit_card,"2-6",capture,14:58:15,2020-09-09,3.0,d19e7f6bea6d0f3,"8299",outbound,psp,pagarme
22842,136,136,0.0,"7f0ec870bd",credit_card,"2-6",capture,14:58:15,2020-09-09,3.0,d19e7f6bea6d0f3,"8299",outbound,psp,acquirer_1
57060,362,362,120.0,"7fd0e7fc2d",credit_card,"2-6",capture,14:56:43,2020-09-09,3.0,"98172fe6ff79416","5139",inbound,psp,pagarme
57060,362,362,120.0,"7fd0e7fc2d",credit_card,"2-6",capture,14:56:43,2020-09-09,3.0,"98172fe6ff79416","5139",inbound,psp,acquirer_3
18718,-655,0,0.0,"7fdfbb17d8",credit_card,"2-6",capture,14:44:11,2020-09-09,3.0,"094dd0ba5dcf146","8999",self_register,psp,acquirer_3
18718,0,0,-0.0,"7fdfbb17d8",credit_card,"2-6",refund,11:23:02,2020-09-21,1.0,"094dd0ba5dcf146","8999",self_register,psp,pagarme
18718,0,0,-0.0,"7fdfbb17d8",credit_card,"2-6",refund,11:23:03,2020-09-21,1.0,"094dd0ba5dcf146","8999",self_register,psp,acquirer_3
18718,-655,0,0.0,"7fdfbb17d8",credit_card,"2-6",capture,14:44:10,2020-09-09,3.0,"094dd0ba5dcf146","8999",self_register,psp,pagarme
95640,148,148,0.0,"8018c8743d",credit_card,"7-12",capture,14:56:42,2020-09-09,3.0,d19e7f6bea6d0f3,"8299",outbound,psp,acquirer_2
95640,148,148,0.0,"8018c8743d",credit_card,"7-12",capture,14:56:42,2020-09-09,3.0,d19e7f6bea6d0f3,"8299",outbound,psp,pagarme
2500,50,50,0.0,"81a799d6be",credit_card,a vista,capture,14:56:01,2020-09-09,3.0,c073c11c93a896b,"8398",outbound,psp,acquirer_3
2500,50,50,0.0,"81a799d6be",credit_card,a vista,capture,14:56:01,2020-09-09,3.0,c073c11c93a896b,"8398",outbound,psp,pagarme
7970,-214,0,20.0,"82dc15ad22",credit_card,a vista,capture,14:45:29,2020-09-09,3.0,"8ec689240587a10","5976",outbound,psp,acquirer_3
7970,0,0,-20.0,"82dc15ad22",credit_card,a vista,refund,14:57:35,2020-09-09,3.0,"8ec689240587a10","5976",outbound,psp,acquirer_3
7970,0,0,-20.0,"82dc15ad22",credit_card,a vista,refund,14:57:35,2020-09-09,3.0,"8ec689240587a10","5976",outbound,psp,pagarme
7970,-214,0,20.0,"82dc15ad22",credit_card,a vista,capture,14:45:27,2020-09-09,3.0,"8ec689240587a10","5976",outbound,psp,pagarme
15255,404,404,30.0,"85d65dbed7",credit_card,a vista,capture,14:55:31,2020-09-09,3.0,fe3f48f88f15d46,"5137",outbound,psp,pagarme
15255,404,404,30.0,"85d65dbed7",credit_card,a vista,capture,14:55:33,2020-09-09,3.0,fe3f48f88f15d46,"5137",outbound,psp,acquirer_3
8286,132,132,50.0,"85d9edd4a5",credit_card,"2-6",capture,14:54:45,2020-09-09,3.0,c16613793be8594,"5651",self_register,psp,acquirer_3
8286,132,132,50.0,"85d9edd4a5",credit_card,"2-6",capture,14:54:45,2020-09-09,3.0,c16613793be8594,"5651",self_register,psp,pagarme
5000,90,90,0.0,"86a4378e37",credit_card,a vista,capture,14:59:34,2020-09-09,3.0,c073c11c93a896b,"8398",outbound,psp,pagarme
5000,90,90,0.0,"86a4378e37",credit_card,a vista,capture,14:59:35,2020-09-09,3.0,c073c11c93a896b,"8398",outbound,psp,acquirer_3
99850,243,243,39.0,"871749cc58",credit_card,"7-12",capture,14:55:04,2020-09-09,3.0,f8d8b554efc5aef,"8299",outbound,psp,pagarme
99850,243,243,39.0,"871749cc58",credit_card,"7-12",capture,14:55:05,2020-09-09,3.0,f8d8b554efc5aef,"8299",outbound,psp,acquirer_3
7280,229,229,60.0,"8829eacf85",credit_card,a vista,capture,14:59:04,2020-09-09,3.0,"8f6dcfa243ff00d","5499",inbound,psp,acquirer_2
7280,229,229,60.0,"8829eacf85",credit_card,a vista,capture,14:59:01,2020-09-09,3.0,"8f6dcfa243ff00d","5499",inbound,psp,pagarme
50000,0,0,-0.0,"8861269aea",credit_card,"2-6",refund,10:07:39,2020-09-10,4.0,"3f17a08d5af6b61","4816",inbound,psp,pagarme
50000,0,0,-0.0,"8861269aea",credit_card,"2-6",refund,10:07:39,2020-09-10,4.0,"3f17a08d5af6b61","4816",inbound,psp,acquirer_3
50000,-1350,0,0.0,"8861269aea",credit_card,"2-6",capture,18:42:55,2020-09-09,3.0,"3f17a08d5af6b61","4816",inbound,psp,acquirer_3
50000,-1350,0,0.0,"8861269aea",credit_card,"2-6",capture,14:50:00,2020-09-09,3.0,"3f17a08d5af6b61","4816",inbound,psp,pagarme
35368,256,256,35.0,"88a50bb340",credit_card,"2-6",capture,14:55:17,2020-09-09,3.0,e8ac5df92abbcf8,"5977",inbound,psp,acquirer_3
35368,256,256,35.0,"88a50bb340",credit_card,"2-6",capture,14:55:17,2020-09-09,3.0,e8ac5df92abbcf8,"5977",inbound,psp,pagarme
22935,241,241,0.0,"891717f5ac",credit_card,a vista,capture,14:56:28,2020-09-09,3.0,da83a78d27ace3c,"8220",outbound,psp,pagarme
22935,241,241,0.0,"891717f5ac",credit_card,a vista,capture,14:56:29,2020-09-09,3.0,da83a78d27ace3c,"8220",outbound,psp,acquirer_3
282000,1970,1970,120.0,"897ddae355",credit_card,"2-6",capture,14:58:29,2020-09-09,3.0,"425d154e44d45af","8299",self_register,psp,acquirer_3
282000,1970,1970,120.0,"897ddae355",credit_card,"2-6",capture,14:58:27,2020-09-09,3.0,"425d154e44d45af","8299",self_register,psp,pagarme
40500,632,632,100.0,"8a21174d20",credit_card,"2-6",capture,14:55:55,2020-09-09,3.0,"550ce760435c5db","5462",inbound,psp,pagarme
40500,632,632,100.0,"8a21174d20",credit_card,"2-6",capture,14:55:55,2020-09-09,3.0,"550ce760435c5db","5462",inbound,psp,acquirer_3
9700,164,164,0.0,"8ad4822f7c",credit_card,a vista,capture,14:56:24,2020-09-09,3.0,d19e7f6bea6d0f3,"8299",outbound,psp,pagarme
9700,164,164,0.0,"8ad4822f7c",credit_card,a vista,capture,14:56:24,2020-09-09,3.0,d19e7f6bea6d0f3,"8299",outbound,psp,acquirer_3
2990,65,65,33.0,"8b2d344c29",credit_card,a vista,capture,14:56:52,2020-09-09,3.0,"8164dd9e3d9a51a","4816",outbound,psp,acquirer_3
2990,65,65,33.0,"8b2d344c29",credit_card,a vista,capture,14:56:51,2020-09-09,3.0,"8164dd9e3d9a51a","4816",outbound,psp,pagarme
66380,,0,0.0,"8c1d7cd97f",credit_card,"2-6",capture,14:58:43,2020-09-09,3.0,"7b5a8a497864159","5137",self_register,gateway,acquirer_1
15000,270,270,0.0,"8d58a35449",credit_card,a vista,capture,14:57:57,2020-09-09,3.0,c073c11c93a896b,"8398",outbound,psp,pagarme
15000,270,270,0.0,"8d58a35449",credit_card,a vista,capture,14:57:58,2020-09-09,3.0,c073c11c93a896b,"8398",outbound,psp,acquirer_3
4770,75,75,80.0,"8e661b1d15",credit_card,"2-6",capture,14:58:58,2020-09-09,3.0,ae8404dab1e7e37,"5131",outbound,psp,pagarme
4770,75,75,80.0,"8e661b1d15",credit_card,"2-6",capture,14:58:59,2020-09-09,3.0,ae8404dab1e7e37,"5131",outbound,psp,acquirer_3
590,15,15,12.0,"8fa9dad730",credit_card,a vista,capture,14:58:38,2020-09-09,3.0,dee3b73faaac643,"8999",outbound,psp,pagarme
590,15,15,12.0,"8fa9dad730",credit_card,a vista,capture,14:58:38,2020-09-09,3.0,dee3b73faaac643,"8999",outbound,psp,acquirer_3
34300,314,314,0.0,"9009ab2a35",credit_card,"2-6",capture,09:28:41,2020-09-09,3.0,"707f3fa3d265b9e","7372",outbound,psp,acquirer_3
34300,314,314,0.0,"9009ab2a35",credit_card,"2-6",capture,09:28:41,2020-09-09,3.0,"707f3fa3d265b9e","7372",outbound,psp,pagarme
10000,180,180,0.0,"90ca6b44fa",credit_card,a vista,capture,14:54:37,2020-09-09,3.0,c073c11c93a896b,"8398",outbound,psp,acquirer_3
10000,180,180,0.0,"90ca6b44fa",credit_card,a vista,capture,14:54:36,2020-09-09,3.0,c073c11c93a896b,"8398",outbound,psp,pagarme
3000,0,0,6.0,"91a102de03",credit_card,a vista,capture,14:59:51,2020-09-09,3.0,fa8f908c2a0a010,"7392",outbound,psp,pagarme
3000,0,0,6.0,"91a102de03",credit_card,a vista,capture,14:59:52,2020-09-09,3.0,fa8f908c2a0a010,"7392",outbound,psp,acquirer_3
5990,227,227,30.0,"9210db6df3",credit_card,a vista,capture,14:57:11,2020-09-09,3.0,ea102f81d98eb46,"4816",outbound,psp,acquirer_3
5990,227,227,30.0,"9210db6df3",credit_card,a vista,capture,14:57:10,2020-09-09,3.0,ea102f81d98eb46,"4816",outbound,psp,pagarme
179910,0,0,-0.0,"92701282a5",credit_card,a vista,refund,19:56:19,2020-09-09,3.0,"64d8741e09ba8ee","7372",outbound,gateway,pagarme
179910,0,0,-0.0,"92701282a5",credit_card,a vista,refund,19:56:19,2020-09-09,3.0,"64d8741e09ba8ee","7372",outbound,gateway,acquirer_3
193000,550,550,90.0,"93ac80a7a7",credit_card,"7-12",capture,14:59:12,2020-09-09,3.0,"8660f2ea69041ef","5021",inbound,psp,pagarme
193000,550,550,90.0,"93ac80a7a7",credit_card,"7-12",capture,14:59:13,2020-09-09,3.0,"8660f2ea69041ef","5021",inbound,psp,acquirer_3
,0,0,,"949073967f",,,refund,11:32:41,2020-10-01,4.0,,,,psp,pagarme
,0,0,,"949073967f",,,refund,10:03:52,2020-10-08,4.0,,,,psp,pagarme
18461,393,393,60.0,"9493488cd8",credit_card,a vista,capture,14:57:38,2020-09-09,3.0,d0aa1d80aa16a87,"8043",inbound,psp,acquirer_3
18461,393,393,60.0,"9493488cd8",credit_card,a vista,capture,14:57:36,2020-09-09,3.0,d0aa1d80aa16a87,"8043",inbound,psp,pagarme
28542,130,130,95.0,"94a132c636",credit_card,"2-6",capture,14:58:14,2020-09-09,3.0,e7569f550abcdb2,"5199",self_register,psp,pagarme
28542,130,130,95.0,"94a132c636",credit_card,"2-6",capture,14:58:14,2020-09-09,3.0,e7569f550abcdb2,"5199",self_register,psp,acquirer_3
3000,54,54,0.0,"94c8c79966",credit_card,a vista,capture,14:59:19,2020-09-09,3.0,c073c11c93a896b,"8398",outbound,psp,acquirer_3
3000,54,54,0.0,"94c8c79966",credit_card,a vista,capture,14:59:18,2020-09-09,3.0,c073c11c93a896b,"8398",outbound,psp,pagarme
55000,0,0,0.0,"95957797ae",credit_card,"2-6",capture,11:48:47,2020-09-09,3.0,"707f3fa3d265b9e","7372",outbound,psp,pagarme
55000,0,0,0.0,"95957797ae",credit_card,"2-6",capture,11:48:48,2020-09-09,3.0,"707f3fa3d265b9e","7372",outbound,psp,acquirer_3
12776,351,351,70.0,"96695889b2",credit_card,a vista,capture,14:57:36,2020-09-09,3.0,c251db5c16c8fe4,"5651",inbound,psp,pagarme
12776,351,351,70.0,"96695889b2",credit_card,a vista,capture,14:57:36,2020-09-09,3.0,c251db5c16c8fe4,"5651",inbound,psp,acquirer_3
26158,,0,0.0,"97eb15c95a",credit_card,"2-6",capture,15:03:38,2020-09-09,3.0,dc984ecf72ebcaa,"8999",outbound,gateway,acquirer_2
26158,0,0,-0.0,"97eb15c95a",credit_card,"2-6",refund,15:16:11,2020-09-09,3.0,dc984ecf72ebcaa,"8999",outbound,gateway,acquirer_2
1013,20,20,70.0,"984ea89700",credit_card,a vista,capture,14:56:22,2020-09-09,3.0,"85fbc0814f7493f","5945",outbound,psp,pagarme
1013,20,20,70.0,"984ea89700",credit_card,a vista,capture,14:56:23,2020-09-09,3.0,"85fbc0814f7493f","5945",outbound,psp,acquirer_3
8436,,0,20.0,"991046094d",credit_card,a vista,capture,15:14:00,2020-09-09,3.0,dc984ecf72ebcaa,"8999",outbound,gateway,acquirer_2
31930,1210,1210,120.0,"99a65062d2",credit_card,a vista,capture,14:57:50,2020-09-09,3.0,"479f26e6d954c51","5137",self_register,psp,acquirer_3
31930,1210,1210,120.0,"99a65062d2",credit_card,a vista,capture,14:57:48,2020-09-09,3.0,"479f26e6d954c51","5137",self_register,psp,pagarme
10000,180,180,0.0,"9a4b1012d2",credit_card,a vista,capture,14:58:34,2020-09-09,3.0,c073c11c93a896b,"8398",outbound,psp,pagarme
10000,180,180,0.0,"9a4b1012d2",credit_card,a vista,capture,14:58:34,2020-09-09,3.0,c073c11c93a896b,"8398",outbound,psp,acquirer_3
5000,190,190,100.0,"9b31965e7e",credit_card,a vista,capture,14:57:35,2020-09-09,3.0,"2925552213860d0","7922",outbound,psp,acquirer_3
5000,190,190,100.0,"9b31965e7e",credit_card,a vista,capture,14:57:34,2020-09-09,3.0,"2925552213860d0","7922",outbound,psp,pagarme
27813,463,463,120.0,"9c6154ed2f",credit_card,"2-6",capture,14:58:27,2020-09-09,3.0,e48e6592c77e3f9,"5944",outbound,psp,pagarme
27813,463,463,120.0,"9c6154ed2f",credit_card,"2-6",capture,14:58:28,2020-09-09,3.0,e48e6592c77e3f9,"5944",outbound,psp,acquirer_3
4809,168,168,50.0,"9c9c26b601",credit_card,a vista,capture,14:58:56,2020-09-09,3.0,"6663c654eb06039","5977",outbound,psp,acquirer_3
4809,168,168,50.0,"9c9c26b601",credit_card,a vista,capture,14:58:54,2020-09-09,3.0,"6663c654eb06039","5977",outbound,psp,pagarme
35700,625,625,50.0,"9d01ecedf2",credit_card,"2-6",capture,14:56:03,2020-09-09,3.0,"89549d0dd8907e8","5947",outbound,psp,acquirer_3
35700,625,625,50.0,"9d01ecedf2",credit_card,"2-6",capture,14:56:02,2020-09-09,3.0,"89549d0dd8907e8","5947",outbound,psp,pagarme
30314,174,174,60.0,"9daaa4220f",credit_card,"2-6",capture,14:58:03,2020-09-09,3.0,"5ba03ccae73ada9","7311",inbound,psp,acquirer_3
30314,174,174,60.0,"9daaa4220f",credit_card,"2-6",capture,14:58:02,2020-09-09,3.0,"5ba03ccae73ada9","7311",inbound,psp,pagarme
3000,-114,0,70.0,"9eb5c25d32",credit_card,a vista,capture,14:45:54,2020-09-09,3.0,aa9b366c101f745,"4816",inbound,psp,acquirer_3
3000,0,0,-70.0,"9eb5c25d32",credit_card,a vista,refund,15:33:26,2020-09-09,3.0,aa9b366c101f745,"4816",inbound,psp,pagarme
3000,-114,0,70.0,"9eb5c25d32",credit_card,a vista,capture,14:45:53,2020-09-09,3.0,aa9b366c101f745,"4816",inbound,psp,pagarme
3000,0,0,-70.0,"9eb5c25d32",credit_card,a vista,refund,15:33:27,2020-09-09,3.0,aa9b366c101f745,"4816",inbound,psp,acquirer_3
6000,108,108,0.0,a0be406817,credit_card,a vista,capture,14:55:58,2020-09-09,3.0,c073c11c93a896b,"8398",outbound,psp,pagarme
6000,108,108,0.0,a0be406817,credit_card,a vista,capture,14:55:58,2020-09-09,3.0,c073c11c93a896b,"8398",outbound,psp,acquirer_3
2500,50,50,60.0,a0cabc6266,credit_card,a vista,capture,14:59:44,2020-09-09,3.0,"3eedc8e962834e6","4816",outbound,psp,acquirer_3
2500,50,50,60.0,a0cabc6266,credit_card,a vista,capture,14:59:43,2020-09-09,3.0,"3eedc8e962834e6","4816",outbound,psp,pagarme
500,15,15,0.0,a11ddbb3be,credit_card,a vista,capture,14:59:49,2020-09-09,3.0,"947a808bbe4e59f","7333",outbound,psp,pagarme
500,15,15,0.0,a11ddbb3be,credit_card,a vista,capture,14:59:51,2020-09-09,3.0,"947a808bbe4e59f","7333",outbound,psp,acquirer_3
55792,,0,18.0,a17f976e5c,credit_card,a vista,capture,16:28:05,2020-09-09,3.0,"68f8352768ec0ab","7372",outbound,gateway,acquirer_2
210000,2201,2201,120.0,a18273e0d1,credit_card,"2-6",capture,14:58:43,2020-09-09,3.0,"0c9b5222692b365","8249",outbound,psp,acquirer_3
210000,2201,2201,120.0,a18273e0d1,credit_card,"2-6",capture,14:58:42,2020-09-09,3.0,"0c9b5222692b365","8249",outbound,psp,pagarme
12999,,0,18.0,a3b78b5b77,credit_card,a vista,capture,16:28:16,2020-09-09,3.0,"68f8352768ec0ab","7372",outbound,gateway,acquirer_2
21953,0,0,-0.0,abc52a1c7c,credit_card,"2-6",refund,16:14:44,2020-09-24,4.0,"609f5f3707471f3","5311",outbound,psp,acquirer_1
21953,-516,0,0.0,abc52a1c7c,credit_card,"2-6",capture,14:43:20,2020-09-09,3.0,"609f5f3707471f3","5311",outbound,psp,pagarme
21953,0,0,-0.0,abc52a1c7c,credit_card,"2-6",refund,16:14:44,2020-09-24,4.0,"609f5f3707471f3","5311",outbound,psp,pagarme
21953,-516,0,0.0,abc52a1c7c,credit_card,"2-6",capture,14:43:20,2020-09-09,3.0,"609f5f3707471f3","5311",outbound,psp,acquirer_1
19900,0,0,0.0,ac8909e70a,credit_card,a vista,capture,14:54:46,2020-09-09,3.0,a81114478294e16,"8249",outbound,psp,acquirer_3
19900,0,0,0.0,ac8909e70a,credit_card,a vista,capture,14:54:46,2020-09-09,3.0,a81114478294e16,"8249",outbound,psp,pagarme
9673,77,77,0.0,acd57c7764,credit_card,"2-6",capture,16:24:03,2020-09-09,3.0,"7b6ba63374559d5","5661",outbound,psp,pagarme
9673,77,77,0.0,acd57c7764,credit_card,"2-6",capture,16:24:03,2020-09-09,3.0,"7b6ba63374559d5","5661",outbound,psp,acquirer_3
27000,0,0,-70.0,acd694145c,credit_card,"7-12",refund,11:06:27,2020-10-13,2.0,"6a1f705f75490c8","5712",outbound,psp,pagarme
27000,-829,0,70.0,acd694145c,credit_card,"7-12",capture,14:57:59,2020-09-09,3.0,"6a1f705f75490c8","5712",outbound,psp,acquirer_3
27000,-829,0,70.0,acd694145c,credit_card,"7-12",capture,14:57:58,2020-09-09,3.0,"6a1f705f75490c8","5712",outbound,psp,pagarme
27000,0,0,-70.0,acd694145c,credit_card,"7-12",refund,11:06:29,2020-10-13,2.0,"6a1f705f75490c8","5712",outbound,psp,acquirer_3
18700,119,119,120.0,ad7cd935c3,credit_card,"2-6",capture,14:58:38,2020-09-09,3.0,"5911ce37cc72d08","5942",inbound,psp,acquirer_3
18700,119,119,120.0,ad7cd935c3,credit_card,"2-6",capture,14:58:38,2020-09-09,3.0,"5911ce37cc72d08","5942",inbound,psp,pagarme
29347,120,120,120.0,adebe25ca4,credit_card,"7-12",capture,14:58:06,2020-09-09,3.0,f8dc18073b6f771,"5131",self_register,psp,pagarme
29347,120,120,120.0,adebe25ca4,credit_card,"7-12",capture,14:58:06,2020-09-09,3.0,f8dc18073b6f771,"5131",self_register,psp,acquirer_3
5000,83,83,0.0,af956db7f8,debit_card,a vista,capture,12:09:41,2020-09-09,3.0,"707f3fa3d265b9e","7372",outbound,psp,acquirer_3
5000,83,83,0.0,af956db7f8,debit_card,a vista,capture,12:09:40,2020-09-09,3.0,"707f3fa3d265b9e","7372",outbound,psp,pagarme
27400,,0,50.0,afb699449e,credit_card,"2-6",capture,15:03:54,2020-09-09,3.0,"4e6ad93df7c1d98","5722",outbound,gateway,acquirer_3
9821,172,172,18.0,b113bd6739,credit_card,a vista,capture,15:00:09,2020-09-09,3.0,"627c076cfa7de29","7372",outbound,psp,acquirer_3
9821,172,172,18.0,b113bd6739,credit_card,a vista,capture,15:00:09,2020-09-09,3.0,"627c076cfa7de29","7372",outbound,psp,pagarme
21108,-424,0,32.0,b11757c087,credit_card,"2-6",capture,15:00:05,2020-09-09,3.0,a8521ed11711b5f,"5300",inbound,psp,pagarme
21108,-424,0,32.0,b11757c087,credit_card,"2-6",capture,15:00:05,2020-09-09,3.0,a8521ed11711b5f,"5300",inbound,psp,acquirer_3
21108,0,0,-32.0,b11757c087,credit_card,"2-6",refund,08:21:06,2020-09-10,4.0,a8521ed11711b5f,"5300",inbound,psp,acquirer_3
21108,0,0,-32.0,b11757c087,credit_card,"2-6",refund,08:21:06,2020-09-10,4.0,a8521ed11711b5f,"5300",inbound,psp,pagarme
26252,0,0,-0.0,b19e6593a4,credit_card,a vista,refund,04:58:22,2020-09-10,4.0,dc984ecf72ebcaa,"8999",outbound,gateway,acquirer_2
42824,464,464,80.0,b2f778cc3c,credit_card,"2-6",capture,14:56:33,2020-09-09,3.0,"1ba1ddf211b8fac","5651",outbound,psp,pagarme
42824,464,464,80.0,b2f778cc3c,credit_card,"2-6",capture,14:56:34,2020-09-09,3.0,"1ba1ddf211b8fac","5651",outbound,psp,acquirer_3
5000,12,12,6.0,b304a5a81e,credit_card,a vista,capture,14:58:36,2020-09-09,3.0,fa8f908c2a0a010,"7392",outbound,psp,pagarme
5000,12,12,6.0,b304a5a81e,credit_card,a vista,capture,14:58:37,2020-09-09,3.0,fa8f908c2a0a010,"7392",outbound,psp,acquirer_3
3500,126,126,55.0,b33d7cbe99,credit_card,a vista,capture,14:58:28,2020-09-09,3.0,b7972b5908bacf4,"5947",outbound,psp,acquirer_3
3500,126,126,55.0,b33d7cbe99,credit_card,a vista,capture,14:58:28,2020-09-09,3.0,b7972b5908bacf4,"5947",outbound,psp,pagarme
9999,78,78,0.0,b4718114be,credit_card,"2-6",capture,16:32:02,2020-09-09,3.0,"7b6ba63374559d5","5661",outbound,psp,pagarme
9999,78,78,0.0,b4718114be,credit_card,"2-6",capture,16:32:02,2020-09-09,3.0,"7b6ba63374559d5","5661",outbound,psp,acquirer_3
3700,63,63,0.0,b4d80813d8,credit_card,a vista,capture,14:56:06,2020-09-09,3.0,d19e7f6bea6d0f3,"8299",outbound,psp,acquirer_3
3700,63,63,0.0,b4d80813d8,credit_card,a vista,capture,14:56:06,2020-09-09,3.0,d19e7f6bea6d0f3,"8299",outbound,psp,pagarme
3500,0,0,-0.0,b610115776,credit_card,a vista,refund,15:14:09,2020-09-09,3.0,dc984ecf72ebcaa,"8999",outbound,gateway,acquirer_2
14999,37,37,50.0,b6ff508ac3,credit_card,"7-12",capture,14:55:16,2020-09-09,3.0,"72e1a779fd75fe4","8299",outbound,psp,pagarme
14999,37,37,50.0,b6ff508ac3,credit_card,"7-12",capture,14:55:17,2020-09-09,3.0,"72e1a779fd75fe4","8299",outbound,psp,acquirer_3
34700,586,586,0.0,b8aaef7df1,credit_card,a vista,capture,14:57:28,2020-09-09,3.0,d19e7f6bea6d0f3,"8299",outbound,psp,pagarme
34700,586,586,0.0,b8aaef7df1,credit_card,a vista,capture,14:57:28,2020-09-09,3.0,d19e7f6bea6d0f3,"8299",outbound,psp,acquirer_3
16800,70,70,10.0,b968ffaa19,credit_card,"2-6",capture,14:55:56,2020-09-09,3.0,abbd7be9fb584eb,"4816",outbound,psp,acquirer_3
16800,70,70,10.0,b968ffaa19,credit_card,"2-6",capture,14:55:55,2020-09-09,3.0,abbd7be9fb584eb,"4816",outbound,psp,pagarme
6396,223,223,105.0,b9cfb76e60,credit_card,a vista,capture,15:00:09,2020-09-09,3.0,ea08e18846a1402,"4816",inbound,psp,pagarme
6396,223,223,105.0,b9cfb76e60,credit_card,a vista,capture,15:00:09,2020-09-09,3.0,ea08e18846a1402,"4816",inbound,psp,acquirer_3
16242,453,453,80.0,bac1ca21c5,credit_card,a vista,capture,14:58:23,2020-09-09,3.0,"57b6b4b341112b5","5199",self_register,psp,pagarme
16242,453,453,80.0,bac1ca21c5,credit_card,a vista,capture,14:58:23,2020-09-09,3.0,"57b6b4b341112b5","5199",self_register,psp,acquirer_3
67400,328,328,85.0,bbe13c364b,credit_card,"2-6",capture,14:56:08,2020-09-09,3.0,"6a612e4ad6d8ef3","5651",inbound,psp,pagarme
67400,328,328,85.0,bbe13c364b,credit_card,"2-6",capture,14:56:09,2020-09-09,3.0,"6a612e4ad6d8ef3","5651",inbound,psp,acquirer_3
10050,250,250,74.0,bbe7d38bff,credit_card,a vista,capture,14:57:14,2020-09-09,3.0,d0658f776439ba7,"5441",inbound,psp,acquirer_3
10050,250,250,74.0,bbe7d38bff,credit_card,a vista,capture,14:57:14,2020-09-09,3.0,d0658f776439ba7,"5441",inbound,psp,pagarme
73778,268,268,0.0,bbeca79583,credit_card,"2-6",capture,14:59:08,2020-09-09,3.0,da83a78d27ace3c,"8220",outbound,psp,acquirer_3
73778,268,268,0.0,bbeca79583,credit_card,"2-6",capture,14:59:08,2020-09-09,3.0,da83a78d27ace3c,"8220",outbound,psp,pagarme
11000,182,182,0.0,bd78372330,debit_card,a vista,capture,12:29:36,2020-09-09,3.0,"707f3fa3d265b9e","7372",outbound,psp,pagarme
11000,182,182,0.0,bd78372330,debit_card,a vista,capture,12:29:37,2020-09-09,3.0,"707f3fa3d265b9e","7372",outbound,psp,acquirer_3
690,18,18,12.0,be2db935a9,credit_card,a vista,capture,14:57:15,2020-09-09,3.0,dee3b73faaac643,"8999",outbound,psp,pagarme
690,18,18,12.0,be2db935a9,credit_card,a vista,capture,14:57:15,2020-09-09,3.0,dee3b73faaac643,"8999",outbound,psp,acquirer_3
19238,691,691,50.0,bff2b9e29b,credit_card,a vista,capture,14:55:55,2020-09-09,3.0,ddbdca7880b9a05,"5411",outbound,psp,acquirer_3
19238,691,691,50.0,bff2b9e29b,credit_card,a vista,capture,14:55:55,2020-09-09,3.0,ddbdca7880b9a05,"5411",outbound,psp,pagarme
123,0,0,-0.0,bff6dcd7c0,credit_card,a vista,refund,14:52:41,2020-09-09,3.0,d19e7f6bea6d0f3,"8299",outbound,gateway,pagarme
123,0,0,-0.0,bff6dcd7c0,credit_card,a vista,refund,14:52:41,2020-09-09,3.0,d19e7f6bea6d0f3,"8299",outbound,gateway,acquirer_3
19960,266,266,60.0,c0a5e8bbea,credit_card,"2-6",capture,14:56:23,2020-09-09,3.0,"42f2452e3b08e0f","5944",inbound,psp,acquirer_3
19960,266,266,60.0,c0a5e8bbea,credit_card,"2-6",capture,14:56:23,2020-09-09,3.0,"42f2452e3b08e0f","5944",inbound,psp,pagarme
5739,184,184,60.0,c0af8ea565,credit_card,a vista,capture,14:58:42,2020-09-09,3.0,"77a7e0010b6f61f","5999",inbound,psp,acquirer_3
5739,184,184,60.0,c0af8ea565,credit_card,a vista,capture,14:58:40,2020-09-09,3.0,"77a7e0010b6f61f","5999",inbound,psp,pagarme
8000,192,192,0.0,c0cb6760a2,credit_card,a vista,capture,09:59:24,2020-09-09,3.0,"707f3fa3d265b9e","7372",outbound,psp,acquirer_3
8000,192,192,0.0,c0cb6760a2,credit_card,a vista,capture,09:59:23,2020-09-09,3.0,"707f3fa3d265b9e","7372",outbound,psp,pagarme
5500,0,0,-70.0,c1c504d314,credit_card,a vista,refund,15:00:25,2020-09-09,3.0,"79f540698e2d78a","5651",outbound,psp,acquirer_3
5500,-208,0,70.0,c1c504d314,credit_card,a vista,capture,14:58:55,2020-09-09,3.0,"79f540698e2d78a","5651",outbound,psp,pagarme
5500,0,0,-70.0,c1c504d314,credit_card,a vista,refund,15:00:25,2020-09-09,3.0,"79f540698e2d78a","5651",outbound,psp,pagarme
5500,-208,0,70.0,c1c504d314,credit_card,a vista,capture,14:58:56,2020-09-09,3.0,"79f540698e2d78a","5651",outbound,psp,acquirer_3
39999,153,153,15.0,c2cafaf5a7,credit_card,"7-12",capture,10:54:23,2020-09-09,3.0,a1c2f57e42dd0b9,"5311",outbound,psp,pagarme
39999,153,153,15.0,c2cafaf5a7,credit_card,"7-12",capture,10:54:23,2020-09-09,3.0,a1c2f57e42dd0b9,"5311",outbound,psp,acquirer_3
24600,541,541,120.0,c4bb9b9cbf,credit_card,a vista,capture,14:58:42,2020-09-09,3.0,"457043ec07a8a9a","5699",outbound,psp,pagarme
24600,541,541,120.0,c4bb9b9cbf,credit_card,a vista,capture,14:58:43,2020-09-09,3.0,"457043ec07a8a9a","5699",outbound,psp,acquirer_3
9500,157,157,0.0,c5997b611a,debit_card,a vista,capture,13:21:52,2020-09-09,3.0,"707f3fa3d265b9e","7372",outbound,psp,acquirer_3
9500,157,157,0.0,c5997b611a,debit_card,a vista,capture,13:21:52,2020-09-09,3.0,"707f3fa3d265b9e","7372",outbound,psp,pagarme
3000,65,65,23.0,c5a7a4bf70,credit_card,a vista,capture,14:57:54,2020-09-09,3.0,f6c53fe8ae4c2b9,"8299",outbound,psp,acquirer_3
3000,65,65,23.0,c5a7a4bf70,credit_card,a vista,capture,14:57:53,2020-09-09,3.0,f6c53fe8ae4c2b9,"8299",outbound,psp,pagarme
15704,0,0,-0.0,c603a9f142,credit_card,"2-6",refund,14:20:09,2020-09-16,3.0,"9e026289ebcc450","5199",inbound,psp,pagarme
15704,0,0,-0.0,c603a9f142,credit_card,"2-6",refund,14:20:09,2020-09-16,3.0,"9e026289ebcc450","5199",inbound,psp,acquirer_3
15704,-415,0,0.0,c603a9f142,credit_card,"2-6",capture,14:46:31,2020-09-09,3.0,"9e026289ebcc450","5199",inbound,psp,pagarme
15704,-415,0,0.0,c603a9f142,credit_card,"2-6",capture,14:46:31,2020-09-09,3.0,"9e026289ebcc450","5199",inbound,psp,acquirer_3
402000,1585,1585,114.0,c65e0190c3,credit_card,"7-12",capture,14:54:47,2020-09-09,3.0,"14b6bcae0620490","5712",inbound,psp,pagarme
402000,1585,1585,114.0,c65e0190c3,credit_card,"7-12",capture,14:54:48,2020-09-09,3.0,"14b6bcae0620490","5712",inbound,psp,acquirer_3
32930,273,273,65.0,c6ceab8c28,credit_card,"2-6",capture,14:55:06,2020-09-09,3.0,"5d65dede69dbbf5","5047",inbound,psp,pagarme
32930,273,273,65.0,c6ceab8c28,credit_card,"2-6",capture,14:55:06,2020-09-09,3.0,"5d65dede69dbbf5","5047",inbound,psp,acquirer_3
16110,262,262,80.0,c71700acad,credit_card,"2-6",capture,14:55:49,2020-09-09,3.0,d3c3bb63c95d441,"5651",inbound,psp,pagarme
16110,262,262,80.0,c71700acad,credit_card,"2-6",capture,14:55:50,2020-09-09,3.0,d3c3bb63c95d441,"5651",inbound,psp,acquirer_3
3190,86,86,20.0,c76dc7a3d8,credit_card,a vista,capture,14:57:28,2020-09-09,3.0,"2cf6b3c3099a8ef","4816",inbound,psp,acquirer_3
3190,86,86,20.0,c76dc7a3d8,credit_card,a vista,capture,14:57:27,2020-09-09,3.0,"2cf6b3c3099a8ef","4816",inbound,psp,pagarme
900,24,24,0.0,c7a31ddf2a,credit_card,a vista,capture,14:58:39,2020-09-09,3.0,cca9aaa0189bdf3,"5969",outbound,psp,pagarme
900,24,24,0.0,c7a31ddf2a,credit_card,a vista,capture,14:58:40,2020-09-09,3.0,cca9aaa0189bdf3,"5969",outbound,psp,acquirer_3
22500,-610,0,40.0,c81a550a9d,credit_card,"2-6",capture,14:58:16,2020-09-09,3.0,"4a4b3506a7b8593","5199",inbound,psp,pagarme
22500,-610,0,40.0,c81a550a9d,credit_card,"2-6",capture,14:58:18,2020-09-09,3.0,"4a4b3506a7b8593","5199",inbound,psp,acquirer_3
22500,0,0,-40.0,c81a550a9d,credit_card,"2-6",refund,10:50:23,2020-09-10,4.0,"4a4b3506a7b8593","5199",inbound,psp,acquirer_3
22500,0,0,-40.0,c81a550a9d,credit_card,"2-6",refund,10:50:21,2020-09-10,4.0,"4a4b3506a7b8593","5199",inbound,psp,pagarme
40482,329,329,80.0,cc5217e447,credit_card,"2-6",capture,14:58:56,2020-09-09,3.0,"422c038915fc6d2","5651",outbound,psp,pagarme
40482,329,329,80.0,cc5217e447,credit_card,"2-6",capture,14:58:58,2020-09-09,3.0,"422c038915fc6d2","5651",outbound,psp,acquirer_3
25449,122,122,66.0,cc781ed8b5,credit_card,"2-6",capture,14:57:36,2020-09-09,3.0,"7944be796d29841","5441",outbound,psp,acquirer_3
25449,122,122,66.0,cc781ed8b5,credit_card,"2-6",capture,14:57:34,2020-09-09,3.0,"7944be796d29841","5441",outbound,psp,pagarme
17704,75,75,80.0,cca4a54a17,credit_card,"2-6",capture,14:55:08,2020-09-09,3.0,"852d29346e0e61a","5499",inbound,psp,acquirer_3
17704,75,75,80.0,cca4a54a17,credit_card,"2-6",capture,14:55:06,2020-09-09,3.0,"852d29346e0e61a","5499",inbound,psp,pagarme
79532,,0,20.0,ced0b64b1f,credit_card,a vista,capture,15:22:02,2020-09-09,3.0,dc984ecf72ebcaa,"8999",outbound,gateway,acquirer_2
5961,185,185,120.0,d2c4199c19,credit_card,a vista,capture,14:59:45,2020-09-09,3.0,db28faaff8f50fa,"5651",outbound,psp,pagarme
5961,185,185,120.0,d2c4199c19,credit_card,a vista,capture,14:59:46,2020-09-09,3.0,db28faaff8f50fa,"5651",outbound,psp,acquirer_3
73344,0,0,-0.0,d3ae197038,credit_card,a vista,refund,19:13:08,2020-09-09,3.0,dc984ecf72ebcaa,"8999",outbound,gateway,acquirer_2
73344,,0,0.0,d3ae197038,credit_card,a vista,capture,15:07:22,2020-09-09,3.0,dc984ecf72ebcaa,"8999",outbound,gateway,acquirer_2
45597,579,579,120.0,d47239e070,credit_card,"2-6",capture,14:59:52,2020-09-09,3.0,c3ff5514ce7fc27,"5046",inbound,psp,pagarme
45597,579,579,120.0,d47239e070,credit_card,"2-6",capture,14:59:53,2020-09-09,3.0,c3ff5514ce7fc27,"5046",inbound,psp,acquirer_3
23250,111,111,20.0,d4c8ccc920,credit_card,"2-6",capture,14:58:29,2020-09-09,3.0,"9b0609add3fd7f1","5999",outbound,psp,acquirer_3
23250,111,111,20.0,d4c8ccc920,credit_card,"2-6",capture,14:58:28,2020-09-09,3.0,"9b0609add3fd7f1","5999",outbound,psp,pagarme
5664,0,0,-70.0,d582e47628,credit_card,a vista,refund,16:02:27,2020-09-09,3.0,"145e0cf06536e75","5499",self_register,psp,pagarme
5664,0,0,-70.0,d582e47628,credit_card,a vista,refund,16:02:27,2020-09-09,3.0,"145e0cf06536e75","5499",self_register,psp,acquirer_3
5664,-178,0,70.0,d582e47628,credit_card,a vista,capture,14:51:32,2020-09-09,3.0,"145e0cf06536e75","5499",self_register,psp,acquirer_3
5664,-178,0,70.0,d582e47628,credit_card,a vista,capture,14:51:30,2020-09-09,3.0,"145e0cf06536e75","5499",self_register,psp,pagarme
54533,1909,1909,50.0,d634c39d85,credit_card,a vista,capture,14:58:39,2020-09-09,3.0,"6d8a8ede1b9118c","5094",outbound,psp,pagarme
54533,1909,1909,50.0,d634c39d85,credit_card,a vista,capture,14:58:41,2020-09-09,3.0,"6d8a8ede1b9118c","5094",outbound,psp,acquirer_3
22600,0,0,-0.0,d695aae2f5,credit_card,a vista,refund,14:54:15,2020-09-09,3.0,d19e7f6bea6d0f3,"8299",outbound,gateway,pagarme
22600,0,0,-0.0,d695aae2f5,credit_card,a vista,refund,14:54:15,2020-09-09,3.0,d19e7f6bea6d0f3,"8299",outbound,gateway,acquirer_3
7145,107,107,55.0,da30c4197f,credit_card,"2-6",capture,14:58:07,2020-09-09,3.0,d122599d9246dfd,"5533",outbound,psp,acquirer_3
7145,107,107,55.0,da30c4197f,credit_card,"2-6",capture,14:58:07,2020-09-09,3.0,d122599d9246dfd,"5533",outbound,psp,pagarme
6900,72,72,0.0,da52959cac,credit_card,a vista,capture,14:59:43,2020-09-09,3.0,da83a78d27ace3c,"8220",outbound,psp,acquirer_3
6900,72,72,0.0,da52959cac,credit_card,a vista,capture,14:59:43,2020-09-09,3.0,da83a78d27ace3c,"8220",outbound,psp,pagarme
548600,6565,6565,40.0,db360d56d8,credit_card,"2-6",capture,14:56:14,2020-09-09,3.0,"1a7eb4fbc69cbe5","5013",inbound,psp,pagarme
548600,6565,6565,40.0,db360d56d8,credit_card,"2-6",capture,14:56:15,2020-09-09,3.0,"1a7eb4fbc69cbe5","5013",inbound,psp,acquirer_3
2500,-45,0,0.0,db8ced752a,credit_card,a vista,capture,14:59:13,2020-09-09,3.0,c073c11c93a896b,"8398",outbound,psp,pagarme
2500,0,0,-0.0,db8ced752a,credit_card,a vista,refund,15:05:11,2020-09-09,3.0,c073c11c93a896b,"8398",outbound,psp,acquirer_3
2500,-45,0,0.0,db8ced752a,credit_card,a vista,capture,14:59:13,2020-09-09,3.0,c073c11c93a896b,"8398",outbound,psp,acquirer_3
2500,0,0,-0.0,db8ced752a,credit_card,a vista,refund,15:05:10,2020-09-09,3.0,c073c11c93a896b,"8398",outbound,psp,pagarme
360000,1008,1008,30.0,dcc417423b,credit_card,"7-12",capture,14:55:57,2020-09-09,3.0,"44177410ae6617d","5045",outbound,psp,pagarme
360000,1008,1008,30.0,dcc417423b,credit_card,"7-12",capture,14:55:59,2020-09-09,3.0,"44177410ae6617d","5045",outbound,psp,acquirer_3
4999,0,0,-0.0,debd5402ab,credit_card,a vista,refund,18:47:00,2020-09-11,5.0,"68f8352768ec0ab","7372",outbound,gateway,acquirer_2
4999,,0,0.0,debd5402ab,credit_card,a vista,capture,16:26:38,2020-09-09,3.0,"68f8352768ec0ab","7372",outbound,gateway,acquirer_2
25330,530,530,120.0,df90e2b9b7,credit_card,"2-6",capture,14:59:52,2020-09-09,3.0,"8b04df2baa17fd3","5137",outbound,psp,pagarme
25330,530,530,120.0,df90e2b9b7,credit_card,"2-6",capture,14:59:54,2020-09-09,3.0,"8b04df2baa17fd3","5137",outbound,psp,acquirer_3
5000,90,90,0.0,dff59ceb04,credit_card,a vista,capture,14:59:49,2020-09-09,3.0,c073c11c93a896b,"8398",outbound,psp,acquirer_3
5000,90,90,0.0,dff59ceb04,credit_card,a vista,capture,14:59:48,2020-09-09,3.0,c073c11c93a896b,"8398",outbound,psp,pagarme
18718,327,327,50.0,e0aec60d89,credit_card,"2-6",capture,14:57:12,2020-09-09,3.0,"094dd0ba5dcf146","8999",self_register,psp,acquirer_3
18718,327,327,50.0,e0aec60d89,credit_card,"2-6",capture,14:57:11,2020-09-09,3.0,"094dd0ba5dcf146","8999",self_register,psp,pagarme
19232,121,121,10.0,e0dc798ba7,credit_card,"2-6",capture,14:56:19,2020-09-09,3.0,"66e1ab77e18b7ac","5976",inbound,psp,acquirer_3
19232,121,121,10.0,e0dc798ba7,credit_card,"2-6",capture,14:56:18,2020-09-09,3.0,"66e1ab77e18b7ac","5976",inbound,psp,pagarme
4990,84,84,0.0,e156fa8b12,credit_card,a vista,capture,14:58:51,2020-09-09,3.0,d19e7f6bea6d0f3,"8299",outbound,psp,acquirer_3
4990,84,84,0.0,e156fa8b12,credit_card,a vista,capture,14:58:51,2020-09-09,3.0,d19e7f6bea6d0f3,"8299",outbound,psp,pagarme
2500,45,45,0.0,e1b0bae233,credit_card,a vista,capture,14:55:43,2020-09-09,3.0,c073c11c93a896b,"8398",outbound,psp,acquirer_3
2500,45,45,0.0,e1b0bae233,credit_card,a vista,capture,14:55:42,2020-09-09,3.0,c073c11c93a896b,"8398",outbound,psp,pagarme
41690,200,200,35.0,e1fd3bb6cb,credit_card,"2-6",capture,14:58:16,2020-09-09,3.0,e8ac5df92abbcf8,"5977",inbound,psp,acquirer_3
41690,200,200,35.0,e1fd3bb6cb,credit_card,"2-6",capture,14:58:15,2020-09-09,3.0,e8ac5df92abbcf8,"5977",inbound,psp,pagarme
7920,101,101,0.0,e248abe6c4,credit_card,"2-6",capture,14:57:25,2020-09-09,3.0,"10c33d344710b96","8999",outbound,psp,pagarme
7920,101,101,0.0,e248abe6c4,credit_card,"2-6",capture,14:57:25,2020-09-09,3.0,"10c33d344710b96","8999",outbound,psp,acquirer_3
4080,71,71,50.0,e2720ccacc,credit_card,"2-6",capture,14:56:30,2020-09-09,3.0,"52c8a05a7b5c22c","5999",inbound,psp,pagarme
4080,71,71,50.0,e2720ccacc,credit_card,"2-6",capture,14:56:30,2020-09-09,3.0,"52c8a05a7b5c22c","5999",inbound,psp,acquirer_3
10001,144,144,80.0,e3316044c2,credit_card,"2-6",capture,16:00:02,2020-09-09,3.0,d85805aec65c1b7,"5943",outbound,psp,pagarme
10001,144,144,80.0,e3316044c2,credit_card,"2-6",capture,16:00:02,2020-09-09,3.0,d85805aec65c1b7,"5943",outbound,psp,acquirer_3
16329,201,201,110.0,e336cfa9c4,credit_card,"2-6",capture,14:58:46,2020-09-09,3.0,"3e650645c57b92e","7311",inbound,psp,pagarme
16329,201,201,110.0,e336cfa9c4,credit_card,"2-6",capture,14:58:46,2020-09-09,3.0,"3e650645c57b92e","7311",inbound,psp,acquirer_3
9900,312,312,105.0,e3cbc76f3e,credit_card,a vista,capture,14:58:22,2020-09-09,3.0,"0c2ee5dc79034a2",,inbound,psp,pagarme
9900,312,312,105.0,e3cbc76f3e,credit_card,a vista,capture,14:58:24,2020-09-09,3.0,"0c2ee5dc79034a2",,inbound,psp,acquirer_3
1500,-57,0,70.0,e4104c2877,credit_card,a vista,capture,14:51:45,2020-09-09,3.0,"79f540698e2d78a","5651",outbound,psp,pagarme
1500,-57,0,70.0,e4104c2877,credit_card,a vista,capture,14:51:46,2020-09-09,3.0,"79f540698e2d78a","5651",outbound,psp,acquirer_3
1500,0,0,-70.0,e4104c2877,credit_card,a vista,refund,15:00:02,2020-09-09,3.0,"79f540698e2d78a","5651",outbound,psp,acquirer_3
1500,0,0,-70.0,e4104c2877,credit_card,a vista,refund,15:00:02,2020-09-09,3.0,"79f540698e2d78a","5651",outbound,psp,pagarme
5000,90,90,0.0,e410993291,credit_card,a vista,capture,14:56:32,2020-09-09,3.0,c073c11c93a896b,"8398",outbound,psp,pagarme
5000,90,90,0.0,e410993291,credit_card,a vista,capture,14:56:33,2020-09-09,3.0,c073c11c93a896b,"8398",outbound,psp,acquirer_3
419640,0,0,-0.0,e54ff0ab72,credit_card,"7-12",refund,09:25:09,2020-09-23,3.0,d19e7f6bea6d0f3,"8299",outbound,psp,acquirer_3
419640,0,0,-0.0,e54ff0ab72,credit_card,"7-12",refund,09:25:09,2020-09-23,3.0,d19e7f6bea6d0f3,"8299",outbound,psp,pagarme
419640,-7763,0,0.0,e54ff0ab72,credit_card,"7-12",capture,14:55:22,2020-09-09,3.0,d19e7f6bea6d0f3,"8299",outbound,psp,acquirer_3
419640,-7763,0,0.0,e54ff0ab72,credit_card,"7-12",capture,14:55:22,2020-09-09,3.0,d19e7f6bea6d0f3,"8299",outbound,psp,pagarme
10900,326,326,15.0,e6bd6a44ee,credit_card,a vista,capture,14:57:01,2020-09-09,3.0,"7f74ca6c8e36c8d","5651",outbound,psp,acquirer_3
10900,326,326,15.0,e6bd6a44ee,credit_card,a vista,capture,14:57:01,2020-09-09,3.0,"7f74ca6c8e36c8d","5651",outbound,psp,pagarme
36426,911,911,93.0,e788489689,credit_card,a vista,capture,14:58:55,2020-09-09,3.0,"3aeacb6ab392f83","5300",inbound,psp,pagarme
36426,911,911,93.0,e788489689,credit_card,a vista,capture,14:58:57,2020-09-09,3.0,"3aeacb6ab392f83","5300",inbound,psp,acquirer_3
17072,168,168,50.0,e815e984a5,credit_card,"2-6",capture,14:55:49,2020-09-09,3.0,"8cc03ff26c71e52","5651",inbound,psp,pagarme
17072,168,168,50.0,e815e984a5,credit_card,"2-6",capture,14:55:49,2020-09-09,3.0,"8cc03ff26c71e52","5651",inbound,psp,acquirer_1
50000,-1000,0,0.0,e882f0f2b8,credit_card,a vista,capture,14:40:53,2020-09-09,3.0,c073c11c93a896b,"8398",outbound,psp,pagarme
50000,-1000,0,0.0,e882f0f2b8,credit_card,a vista,capture,14:40:54,2020-09-09,3.0,c073c11c93a896b,"8398",outbound,psp,acquirer_3
50000,0,0,-0.0,e882f0f2b8,credit_card,a vista,refund,13:16:48,2020-09-10,4.0,c073c11c93a896b,"8398",outbound,psp,acquirer_3
50000,0,0,-0.0,e882f0f2b8,credit_card,a vista,refund,13:16:48,2020-09-10,4.0,c073c11c93a896b,"8398",outbound,psp,pagarme
7500,135,135,0.0,e8bbe41643,credit_card,a vista,capture,14:54:44,2020-09-09,3.0,c073c11c93a896b,"8398",outbound,psp,pagarme
7500,135,135,0.0,e8bbe41643,credit_card,a vista,capture,14:54:45,2020-09-09,3.0,c073c11c93a896b,"8398",outbound,psp,acquirer_3
26158,0,0,-0.0,e9d9d6385f,credit_card,"2-6",refund,14:56:42,2020-09-09,3.0,dc984ecf72ebcaa,"8999",outbound,gateway,acquirer_2
9543,119,119,58.0,ea1a70835b,credit_card,"2-6",capture,14:56:50,2020-09-09,3.0,f5fe7d4530895b2,"5941",outbound,psp,acquirer_3
9543,119,119,58.0,ea1a70835b,credit_card,"2-6",capture,14:56:48,2020-09-09,3.0,f5fe7d4530895b2,"5941",outbound,psp,pagarme
23111,675,675,30.0,eb5051b57f,credit_card,a vista,capture,14:55:05,2020-09-09,3.0,"599188c7d4386dd","5131",outbound,psp,pagarme
23111,675,675,30.0,eb5051b57f,credit_card,a vista,capture,14:55:06,2020-09-09,3.0,"599188c7d4386dd","5131",outbound,psp,acquirer_3
44626,781,781,50.0,eb815d6897,credit_card,"2-6",capture,14:59:16,2020-09-09,3.0,a3119df2b82b67b,"5399",outbound,psp,pagarme
44626,781,781,50.0,eb815d6897,credit_card,"2-6",capture,14:59:16,2020-09-09,3.0,a3119df2b82b67b,"5399",outbound,psp,acquirer_3
12215,379,379,50.0,eba7019ffa,credit_card,a vista,capture,14:59:15,2020-09-09,3.0,"15b5b8295ccf2cb","5422",outbound,psp,pagarme
12215,379,379,50.0,eba7019ffa,credit_card,a vista,capture,14:59:16,2020-09-09,3.0,"15b5b8295ccf2cb","5422",outbound,psp,acquirer_3
10000,379,379,120.0,ec22c5570c,credit_card,a vista,capture,14:58:31,2020-09-09,3.0,"489b07887803197","8661",outbound,psp,pagarme
10000,379,379,120.0,ec22c5570c,credit_card,a vista,capture,14:58:32,2020-09-09,3.0,"489b07887803197","8661",outbound,psp,acquirer_3
14265,325,325,36.0,ecb37e6d53,credit_card,a vista,capture,14:59:05,2020-09-09,3.0,"0d707a98897bc39","5651",inbound,psp,acquirer_3
14265,325,325,36.0,ecb37e6d53,credit_card,a vista,capture,14:59:04,2020-09-09,3.0,"0d707a98897bc39","5651",inbound,psp,pagarme
10000,299,299,39.0,ef487ca39b,credit_card,a vista,capture,14:59:25,2020-09-09,3.0,bd64d4f7c3fa362,"5651",outbound,psp,acquirer_3
10000,299,299,39.0,ef487ca39b,credit_card,a vista,capture,14:59:24,2020-09-09,3.0,bd64d4f7c3fa362,"5651",outbound,psp,pagarme
10000,200,200,0.0,f0dc5aaf74,credit_card,a vista,capture,14:55:44,2020-09-09,3.0,c073c11c93a896b,"8398",outbound,psp,acquirer_3
10000,200,200,0.0,f0dc5aaf74,credit_card,a vista,capture,14:55:43,2020-09-09,3.0,c073c11c93a896b,"8398",outbound,psp,pagarme
59900,274,274,0.0,f0e77c0357,credit_card,"2-6",capture,14:57:37,2020-09-09,3.0,"1baa1d23ed6ba35","8299",outbound,psp,pagarme
59900,274,274,0.0,f0e77c0357,credit_card,"2-6",capture,14:57:37,2020-09-09,3.0,"1baa1d23ed6ba35","8299",outbound,psp,acquirer_3
81900,300,300,45.0,f0e92c6d72,credit_card,"7-12",capture,14:57:57,2020-09-09,3.0,"6640c951fd8b4a1","5941",outbound,psp,pagarme
81900,300,300,45.0,f0e92c6d72,credit_card,"7-12",capture,14:57:57,2020-09-09,3.0,"6640c951fd8b4a1","5941",outbound,psp,acquirer_3
419640,0,0,-0.0,f49ecb8136,credit_card,"7-12",refund,10:00:12,2020-09-11,5.0,d19e7f6bea6d0f3,"8299",outbound,psp,acquirer_2
419640,-7763,0,0.0,f49ecb8136,credit_card,"7-12",capture,14:54:29,2020-09-09,3.0,d19e7f6bea6d0f3,"8299",outbound,psp,pagarme
419640,-7763,0,0.0,f49ecb8136,credit_card,"7-12",capture,14:54:30,2020-09-09,3.0,d19e7f6bea6d0f3,"8299",outbound,psp,acquirer_2
419640,0,0,-0.0,f49ecb8136,credit_card,"7-12",refund,10:00:12,2020-09-11,5.0,d19e7f6bea6d0f3,"8299",outbound,psp,pagarme
23407,188,188,100.0,f4e0336045,credit_card,"2-6",capture,14:55:44,2020-09-09,3.0,e26313cb27f8c0f,"5137",outbound,psp,pagarme
23407,188,188,100.0,f4e0336045,credit_card,"2-6",capture,14:55:45,2020-09-09,3.0,e26313cb27f8c0f,"5137",outbound,psp,acquirer_3
32212,226,226,90.0,f53d6bd56f,credit_card,"2-6",capture,14:59:17,2020-09-09,3.0,d989f5c5540226b,"5047",inbound,psp,acquirer_3
32212,226,226,90.0,f53d6bd56f,credit_card,"2-6",capture,14:59:17,2020-09-09,3.0,d989f5c5540226b,"5047",inbound,psp,pagarme
10000,180,180,0.0,f645924d1b,credit_card,a vista,capture,14:56:41,2020-09-09,3.0,c073c11c93a896b,"8398",outbound,psp,acquirer_3
10000,180,180,0.0,f645924d1b,credit_card,a vista,capture,14:56:41,2020-09-09,3.0,c073c11c93a896b,"8398",outbound,psp,pagarme
20776,186,186,0.0,f73d08f5e0,credit_card,"2-6",capture,14:55:05,2020-09-09,3.0,d19e7f6bea6d0f3,"8299",outbound,psp,acquirer_1
20776,186,186,0.0,f73d08f5e0,credit_card,"2-6",capture,14:55:05,2020-09-09,3.0,d19e7f6bea6d0f3,"8299",outbound,psp,pagarme
23015,872,872,120.0,f7a0aee277,credit_card,a vista,capture,14:58:55,2020-09-09,3.0,"8e0507987b9607e","5812",inbound,psp,acquirer_2
23015,872,872,120.0,f7a0aee277,credit_card,a vista,capture,14:58:55,2020-09-09,3.0,"8e0507987b9607e","5812",inbound,psp,pagarme
133300,2333,2333,50.0,f8f87b6122,credit_card,"2-6",capture,14:55:29,2020-09-09,3.0,"37239241e7d02d2","5977",outbound,psp,acquirer_3
133300,2333,2333,50.0,f8f87b6122,credit_card,"2-6",capture,14:55:28,2020-09-09,3.0,"37239241e7d02d2","5977",outbound,psp,pagarme
3999,107,107,50.0,f9cb8e18f8,credit_card,a vista,capture,14:56:21,2020-09-09,3.0,"72e1a779fd75fe4","8299",outbound,psp,pagarme
3999,107,107,50.0,f9cb8e18f8,credit_card,a vista,capture,14:56:22,2020-09-09,3.0,"72e1a779fd75fe4","8299",outbound,psp,acquirer_3
18000,414,414,30.0,fbd0c6441b,credit_card,a vista,capture,14:56:10,2020-09-09,3.0,a0ae9a109973a68,"8299",outbound,psp,pagarme
18000,414,414,30.0,fbd0c6441b,credit_card,a vista,capture,14:56:11,2020-09-09,3.0,a0ae9a109973a68,"8299",outbound,psp,acquirer_3
77402,561,561,10.0,fc60baddb5,credit_card,"2-6",capture,14:56:30,2020-09-09,3.0,"7b2f77ee5fc3730","8011",inbound,psp,acquirer_3
77402,561,561,10.0,fc60baddb5,credit_card,"2-6",capture,14:56:29,2020-09-09,3.0,"7b2f77ee5fc3730","8011",inbound,psp,pagarme
11687,0,0,-40.0,fcee3fb412,credit_card,"7-12",refund,11:08:50,2020-09-10,4.0,"5fbe4ac1b6b1c3b","5300",inbound,psp,acquirer_3
11687,0,0,-40.0,fcee3fb412,credit_card,"7-12",refund,11:08:50,2020-09-10,4.0,"5fbe4ac1b6b1c3b","5300",inbound,psp,pagarme
11687,-346,0,40.0,fcee3fb412,credit_card,"7-12",capture,14:40:15,2020-09-09,3.0,"5fbe4ac1b6b1c3b","5300",inbound,psp,pagarme
11687,-346,0,40.0,fcee3fb412,credit_card,"7-12",capture,14:40:16,2020-09-09,3.0,"5fbe4ac1b6b1c3b","5300",inbound,psp,acquirer_3
32714,,0,20.0,fd0e5765f3,credit_card,"2-6",capture,15:18:13,2020-09-09,3.0,dc984ecf72ebcaa,"8999",outbound,gateway,acquirer_2
28751,278,278,30.0,fef43fbb9b,credit_card,"2-6",capture,14:58:57,2020-09-09,3.0,fe3f48f88f15d46,"5137",outbound,psp,pagarme
28751,278,278,30.0,fef43fbb9b,credit_card,"2-6",capture,14:58:58,2020-09-09,3.0,fe3f48f88f15d46,"5137",outbound,psp,acquirer_3
21004,142,142,64.0,ff42ef7d97,credit_card,"2-6",capture,14:55:41,2020-09-09,3.0,a8521ed11711b5f,"5300",inbound,psp,acquirer_3
21004,142,142,64.0,ff42ef7d97,credit_card,"2-6",capture,14:55:41,2020-09-09,3.0,a8521ed11711b5f,"5300",inbound,psp,pagarme
119880,185,185,0.0,ff4cc13eff,credit_card,"7-12",capture,14:57:09,2020-09-09,3.0,d19e7f6bea6d0f3,"8299",outbound,psp,acquirer_3
119880,185,185,0.0,ff4cc13eff,credit_card,"7-12",capture,14:57:09,2020-09-09,3.0,d19e7f6bea6d0f3,"8299",outbound,psp,pagarme
49990,229,229,15.0,ff5e9dbc52,credit_card,"2-6",capture,09:58:51,2020-09-09,3.0,a1c2f57e42dd0b9,"5311",outbound,psp,pagarme
49990,229,229,15.0,ff5e9dbc52,credit_card,"2-6",capture,09:58:51,2020-09-09,3.0,a1c2f57e42dd0b9,"5311",outbound,psp,acquirer_3
2500,45,45,0.0,ff67ca7338,credit_card,a vista,capture,14:55:22,2020-09-09,3.0,c073c11c93a896b,"8398",outbound,psp,acquirer_3
2500,45,45,0.0,ff67ca7338,credit_card,a vista,capture,14:55:21,2020-09-09,3.0,c073c11c93a896b,"8398",outbound,psp,pagarme
19265,44,44,80.0,ffbdd0e0f2,credit_card,"7-12",capture,14:55:21,2020-09-09,3.0,"852d29346e0e61a","5499",inbound,psp,acquirer_3
19265,44,44,80.0,ffbdd0e0f2,credit_card,"7-12",capture,14:55:19,2020-09-09,3.0,"852d29346e0e61a","5499",inbound,psp,pagarme
31791,204,204,80.0,ffcdcf1602,credit_card,"2-6",capture,14:57:51,2020-09-09,3.0,"852d29346e0e61a","5499",inbound,psp,pagarme
31791,204,204,80.0,ffcdcf1602,credit_card,"2-6",capture,14:57:52,2020-09-09,3.0,"852d29346e0e61a","5499",inbound,psp,acquirer_3
